0,pt1_cam1_X,pt1_cam1_Y,pt2_cam1_X,pt2_cam1_Y,pt3_cam1_X,pt3_cam1_Y,pt4_cam1_X,pt4_cam1_Y,pt5_cam1_X,pt5_cam1_Y,pt6_cam1_X,pt6_cam1_Y,pt7_cam1_X,pt7_cam1_Y,leftx,lefty,rightx,righty,eyex,eyey,tailx,taily,wristx,wristy,,body vector x,body vector y,wing vec down x,wing vec down y,wing vec up x,wing vec  up y,downangle,upangle,time
1,1116.604298,406.040243,1116.887908,406.251881,1116.888113,406.039385,1142.920831,384.878875,1168.045443,409.467532,NaN,NaN,NaN,NaN,175.557754,623.481914,1909.386447,608.69804,1116.79344,406.110503,1168.045443,409.467532,1142.920831,384.878875,,-51.25200333,-3.357029,#VALUE!,#VALUE!,#VALUE!,#VALUE!,#VALUE!,#VALUE!,0.008333333
2,1113.940191,406.232006,1114.178711,406.561295,1113.903763,406.309892,1140.875456,384.170998,1165.85292,409.417706,NaN,NaN,NaN,NaN,0,0,0,0,1114.007555,406.367731,1165.85292,409.417706,1140.875456,384.170998,,-51.845365,-3.049975,#VALUE!,#VALUE!,#VALUE!,#VALUE!,#VALUE!,#VALUE!,0.016666667
3,1111.029823,406.785988,1111.469514,406.922278,1111.260481,406.905007,1138.83008,384.259482,1164.109469,409.666835,NaN,NaN,NaN,NaN,0,0,0,0,1111.253273,406.871091,1164.109469,409.666835,1138.83008,384.259482,,-52.85619633,-2.795744,#VALUE!,#VALUE!,#VALUE!,#VALUE!,#VALUE!,#VALUE!,0.025
4,1108.388103,407.425198,1108.922869,407.463751,1108.555675,407.462628,1137.156592,384.170998,1162.207522,409.492445,NaN,NaN,NaN,NaN,0,0,0,0,1108.622216,407.4505257,1162.207522,409.492445,1137.156592,384.170998,,-53.58530633,-2.041919333,#VALUE!,#VALUE!,#VALUE!,#VALUE!,#VALUE!,#VALUE!,0.033333333
5,1106.283683,408.021794,1106.267856,407.824734,1106.243988,407.985608,1134.367444,384.259482,1160.199911,409.54227,NaN,NaN,NaN,NaN,0,0,0,0,1106.265176,407.9440453,1160.199911,409.54227,1134.367444,384.259482,,-53.93473533,-1.598224667,#VALUE!,#VALUE!,#VALUE!,#VALUE!,#VALUE!,#VALUE!,0.041666667
6,1103.462864,408.362706,1103.612843,408.417777,1103.325956,408.47252,1130.64858,384.524936,1158.218717,409.741573,NaN,NaN,NaN,NaN,0,0,0,0,1103.467221,408.4176677,1158.218717,409.741573,1130.64858,384.524936,,-54.751496,-1.323905333,#VALUE!,#VALUE!,#VALUE!,#VALUE!,#VALUE!,#VALUE!,0.05
7,1101.045019,409.023223,1101.147474,408.959251,1100.938476,409.031567,1128.696176,384.524936,1155.497876,409.392793,NaN,NaN,NaN,NaN,0,0,0,0,1101.043656,409.0046803,1155.497876,409.392793,1128.696176,384.524936,,-54.45421967,-0.388112667,#VALUE!,#VALUE!,#VALUE!,#VALUE!,#VALUE!,#VALUE!,0.058333333
8,1098.268975,409.300214,1098.302817,409.629647,1098.428092,409.156046,1126.278915,385.321298,1153.393268,409.666296,NaN,NaN,NaN,NaN,0,0,0,0,1098.333295,409.361969,1153.393268,409.666296,1126.278915,385.321298,,-55.05997333,-0.304327,#VALUE!,#VALUE!,#VALUE!,#VALUE!,#VALUE!,#VALUE!,0.066666667
9,1095.761581,409.960731,1095.918724,410.093767,1095.8006,409.781218,1123.861653,386.11766,1151.052982,409.792417,NaN,NaN,NaN,NaN,0,0,0,0,1095.826968,409.9452387,1151.052982,409.792417,1123.861653,386.11766,,-55.22601367,0.152821667,#VALUE!,#VALUE!,#VALUE!,#VALUE!,#VALUE!,#VALUE!,0.075
10,1093.253263,410.274223,1093.317895,410.171121,1093.139423,409.989608,1122.002221,386.11766,1148.779561,409.729357,NaN,NaN,NaN,NaN,0,0,0,0,1093.23686,410.144984,1148.779561,409.729357,1122.002221,386.11766,,-55.54270067,0.415627,#VALUE!,#VALUE!,#VALUE!,#VALUE!,#VALUE!,#VALUE!,0.083333333
11,1090.646368,410.274223,1090.554514,410.22269,1090.545617,410.117848,1119.770903,386.11766,1147.341957,409.634766,NaN,NaN,NaN,NaN,0,0,0,0,1090.582166,410.2049203,1147.341957,409.634766,1119.770903,386.11766,,-56.75979067,0.570154333,#VALUE!,#VALUE!,#VALUE!,#VALUE!,#VALUE!,#VALUE!,0.091666667
12,1088.417573,410.520438,1088.089145,410.428965,1087.699168,410.406389,1116.795812,385.763721,1144.901373,409.792417,NaN,NaN,NaN,NaN,0,0,0,0,1088.068629,410.4519307,1144.901373,409.792417,1116.795812,385.763721,,-56.83274433,0.659513667,#VALUE!,#VALUE!,#VALUE!,#VALUE!,#VALUE!,#VALUE!,0.1
13,1085.691279,410.84241,1085.379948,410.893086,1085.341162,410.90332,1114.843408,385.763721,1142.260192,410.233842,NaN,NaN,NaN,NaN,0,0,0,0,1085.470796,410.8796053,1142.260192,410.233842,1114.843408,385.763721,,-56.78939567,0.645763333,#VALUE!,#VALUE!,#VALUE!,#VALUE!,#VALUE!,#VALUE!,0.108333333
14,1082.825685,411.069685,1082.37274,411.073577,1082.24207,410.90332,1112.05426,386.383114,1140.020204,410.454554,NaN,NaN,NaN,NaN,0,0,0,0,1082.480165,411.0155273,1140.020204,410.454554,1112.05426,386.383114,,-57.540039,0.560973333,#VALUE!,#VALUE!,#VALUE!,#VALUE!,#VALUE!,#VALUE!,0.116666667
15,1080.541395,411.272304,1080.109714,411.031182,1079.884064,411.11171,1108.800254,387.26796,1137.546187,410.895979,NaN,NaN,NaN,NaN,0,0,0,0,1080.178391,411.1383987,1137.546187,410.895979,1108.800254,387.26796,,-57.367796,0.242419667,#VALUE!,#VALUE!,#VALUE!,#VALUE!,#VALUE!,#VALUE!,0.125
16,1077.551979,411.120788,1077.5624,411.153419,1077.138673,411.19186,1106.661908,387.975837,1135.239334,411.116691,NaN,NaN,NaN,NaN,0,0,0,0,1077.417684,411.1553557,1135.239334,411.116691,1106.661908,387.975837,,-57.82165,0.038664667,#VALUE!,#VALUE!,#VALUE!,#VALUE!,#VALUE!,#VALUE!,0.133333333
17,1074.77483,411.053447,1074.67259,410.970063,1074.342192,411.071674,1105.081391,387.975837,1133.43397,411.558115,NaN,NaN,NaN,NaN,0,0,0,0,1074.596537,411.031728,1133.43397,411.558115,1105.081391,387.975837,,-58.83743267,-0.526387,#VALUE!,#VALUE!,#VALUE!,#VALUE!,#VALUE!,#VALUE!,0.141666667
18,1072.227635,411.120788,1072.146682,411.031182,1071.782072,411.128669,1102.664129,387.621899,1130.725924,411.778828,NaN,NaN,NaN,NaN,0,0,0,0,1072.05213,411.0935463,1130.725924,411.778828,1102.664129,387.621899,,-58.67379433,-0.685281667,#VALUE!,#VALUE!,#VALUE!,#VALUE!,#VALUE!,#VALUE!,0.15
19,1069.591997,411.120788,1069.620774,411.031182,1069.221952,410.957682,1100.153896,387.975837,1128.719965,411.873419,NaN,NaN,NaN,NaN,0,0,0,0,1069.478241,411.0365507,1128.719965,411.873419,1100.153896,387.975837,,-59.241724,-0.836868333,#VALUE!,#VALUE!,#VALUE!,#VALUE!,#VALUE!,#VALUE!,0.158333333
20,1067.115557,410.952436,1067.07346,411.173792,1066.616918,410.957682,1097.829606,387.975837,1125.945054,412.062601,NaN,NaN,NaN,NaN,0,0,0,0,1066.935312,411.02797,1125.945054,412.062601,1097.829606,387.975837,,-59.00974233,-1.034631,#VALUE!,#VALUE!,#VALUE!,#VALUE!,#VALUE!,#VALUE!,0.166666667
21,1064.479919,410.817755,1064.547552,410.970063,1064.131655,410.886438,1095.428843,387.684012,1124.278799,412.396955,NaN,NaN,NaN,NaN,0,0,0,0,1064.386375,410.8914187,1124.278799,412.396955,1095.428843,387.684012,,-59.89242367,-1.505536333,#VALUE!,#VALUE!,#VALUE!,#VALUE!,#VALUE!,#VALUE!,0.175
22,1061.968102,410.649403,1061.636336,410.440367,1061.571535,410.772447,1093.631392,387.684012,1122.398212,412.893558,NaN,NaN,NaN,NaN,0,0,0,0,1061.725324,410.620739,1122.398212,412.893558,1093.631392,387.684012,,-60.67288767,-2.272819,#VALUE!,#VALUE!,#VALUE!,#VALUE!,#VALUE!,#VALUE!,0.183333333
23,1059.527041,410.396876,1058.746526,410.521859,1058.502385,410.45897,1091.152149,388.27391,1120.442401,412.893558,NaN,NaN,NaN,NaN,0,0,0,0,1058.925317,410.459235,1120.442401,412.893558,1091.152149,388.27391,,-61.51708367,-2.434323,#VALUE!,#VALUE!,#VALUE!,#VALUE!,#VALUE!,#VALUE!,0.191666667
24,1056.468674,410.422041,1056.701935,410.319696,1055.657808,410.003005,1088.734888,389.040777,1117.884803,412.893558,NaN,NaN,NaN,NaN,0,0,0,0,1056.276139,410.2482473,1117.884803,412.893558,1088.734888,389.040777,,-61.608664,-2.645310667,#VALUE!,#VALUE!,#VALUE!,#VALUE!,#VALUE!,#VALUE!,0.2
25,1053.654182,409.748634,1053.936597,409.812637,1053.119772,409.752587,1085.201967,389.866634,1115.477651,413.39016,NaN,NaN,NaN,NaN,0,0,0,0,1053.570184,409.771286,1115.477651,413.39016,1085.201967,389.866634,,-61.90746733,-3.618874,#VALUE!,#VALUE!,#VALUE!,#VALUE!,#VALUE!,#VALUE!,0.208333333
26,1051.295668,409.34459,1051.221999,409.474598,1050.604566,409.277623,1083.03263,390.102593,1113.0705,413.60299,NaN,NaN,NaN,NaN,0,0,0,0,1051.040744,409.3656037,1113.0705,413.60299,1083.03263,390.102593,,-62.02975567,-4.237386333,#VALUE!,#VALUE!,#VALUE!,#VALUE!,#VALUE!,#VALUE!,0.216666667
27,1048.371112,408.641255,1048.507401,409.257287,1047.909703,409.125634,1080.057538,391.105419,1111.114689,413.81582,NaN,NaN,NaN,NaN,0,0,0,0,1048.262739,409.0080587,1111.114689,413.81582,1080.057538,391.105419,,-62.85195033,-4.807761333,#VALUE!,#VALUE!,#VALUE!,#VALUE!,#VALUE!,#VALUE!,0.225
28,1045.273597,408.057636,1045.361512,408.412188,1044.376438,408.023718,1078.074144,391.813296,1109.760666,413.81582,NaN,NaN,NaN,NaN,0,0,0,0,1045.003849,408.164514,1109.760666,413.81582,1078.074144,391.813296,,-64.756817,-5.651306,#VALUE!,#VALUE!,#VALUE!,#VALUE!,#VALUE!,#VALUE!,0.233333333
29,1042.571915,407.792779,1042.291733,407.591235,1041.102678,407.225779,1075.47094,393.17006,1106.977397,414.028649,NaN,NaN,NaN,NaN,0,0,0,0,1041.988775,407.5365977,1106.977397,414.028649,1075.47094,393.17006,,-64.98862167,-6.492051333,#VALUE!,#VALUE!,#VALUE!,#VALUE!,#VALUE!,#VALUE!,0.241666667
30,1039.81391,407.15429,1039.914769,406.804639,1038.693266,406.474335,1072.371886,394.467835,1104.570246,413.886763,NaN,NaN,NaN,NaN,0,0,0,0,1039.473982,406.811088,1104.570246,413.886763,1072.371886,394.467835,,-65.09626433,-7.075675,#VALUE!,#VALUE!,#VALUE!,#VALUE!,#VALUE!,#VALUE!,0.25
31,1036.627297,406.161085,1036.597241,406.242011,1035.907466,405.646843,1069.210852,395.70662,1101.452798,413.334377,NaN,NaN,NaN,NaN,0,0,0,0,1036.377335,406.0166463,1101.452798,413.334377,1069.210852,395.70662,,-65.07546333,-7.317730667,#VALUE!,#VALUE!,#VALUE!,#VALUE!,#VALUE!,#VALUE!,0.258333333
32,1033.627035,405.540331,1032.989053,404.982858,1032.961969,404.836238,1066.731609,396.532477,1099.404415,413.500821,NaN,NaN,NaN,NaN,0,0,0,0,1033.192686,405.119809,1099.404415,413.500821,1066.731609,396.532477,,-66.21172933,-8.381012,#VALUE!,#VALUE!,#VALUE!,#VALUE!,#VALUE!,#VALUE!,0.266666667
33,1030.589502,404.476183,1030.182684,404.18158,1030.087448,404.177621,1063.26067,398.007221,1096.897732,413.148287,NaN,NaN,NaN,NaN,0,0,0,0,1030.286545,404.2784613,1096.897732,413.148287,1063.26067,398.007221,,-66.61118733,-8.869825667,#VALUE!,#VALUE!,#VALUE!,#VALUE!,#VALUE!,#VALUE!,0.275
34,1027.683464,403.769178,1027.015496,403.723706,1027.212927,403.282578,1060.223598,398.833078,1094.457014,412.401744,1084.873054,391.37833,NaN,NaN,0,0,0,0,1027.303962,403.5918207,1094.457014,412.401744,1060.223598,398.833078,,-67.15305167,-8.809923333,#VALUE!,#VALUE!,-24.649456,7.454748,#VALUE!,24.30096595,0.283333333
35,1025.016565,402.917859,1024.670174,402.846115,1024.001272,402.049783,1057.185613,399.833341,1092.236181,412.111422,NaN,NaN,NaN,NaN,0,0,0,0,1024.56267,402.6045857,1092.236181,412.111422,1057.185613,399.833341,,-67.67351067,-9.506836333,#VALUE!,#VALUE!,#VALUE!,#VALUE!,#VALUE!,#VALUE!,0.291666667
36,1021.922794,401.859649,1021.913845,402.191169,1021.268702,401.509379,1053.879956,400.672307,1089.245753,411.012346,NaN,NaN,NaN,NaN,0,0,0,0,1021.70178,401.853399,1089.245753,411.012346,1053.879956,400.672307,,-67.54397267,-9.158947,#VALUE!,#VALUE!,#VALUE!,#VALUE!,#VALUE!,#VALUE!,0.3
37,1019.198839,400.948773,1019.597477,401.241506,1018.287718,400.563674,1049.086753,401.668578,1087.134862,409.975481,NaN,NaN,NaN,NaN,0,0,0,0,1019.028011,400.9179843,1087.134862,409.975481,1049.086753,401.668578,,-68.10685067,-9.057496667,#VALUE!,#VALUE!,#VALUE!,#VALUE!,#VALUE!,#VALUE!,0.308333333
38,1015.856472,400.33218,1015.855652,400.037468,1015.08181,399.720601,1045.836191,402.350238,1084.309937,408.998507,NaN,NaN,NaN,NaN,0,0,0,0,1015.597978,400.030083,1084.309937,408.998507,1045.836191,402.350238,,-68.711959,-8.968424,#VALUE!,#VALUE!,#VALUE!,#VALUE!,#VALUE!,#VALUE!,0.316666667
39,1012.838035,399.113007,1012.737465,399.172595,1012.100825,398.849951,1042.310157,402.769721,1082.38665,408.641411,NaN,NaN,NaN,NaN,0,0,0,0,1012.558775,399.0451843,1082.38665,408.641411,1042.310157,402.769721,,-69.827875,-9.596226667,#VALUE!,#VALUE!,#VALUE!,#VALUE!,#VALUE!,#VALUE!,0.325
40,1009.937391,398.244172,1009.761823,398.34164,1008.78862,397.799167,1038.453557,402.979462,1080.336709,407.966292,NaN,NaN,NaN,NaN,0,0,0,0,1009.495945,398.1283263,1080.336709,407.966292,1038.453557,402.979462,,-70.84076433,-9.837965667,#VALUE!,#VALUE!,#VALUE!,#VALUE!,#VALUE!,#VALUE!,0.333333333
41,1006.676295,397.041708,1006.233817,397.018894,1005.634139,396.868472,1034.266392,403.189203,1077.879538,405.238145,NaN,NaN,NaN,NaN,0,0,0,0,1006.181417,396.976358,1077.879538,405.238145,1034.266392,403.189203,,-71.698121,-8.261787,#VALUE!,#VALUE!,#VALUE!,#VALUE!,#VALUE!,#VALUE!,0.341666667
42,1003.744566,396.809188,1003.365084,396.56102,1002.29039,396.373103,1030.024133,402.769721,1069.533849,404.007635,NaN,NaN,NaN,NaN,0,0,0,0,1003.133347,396.5811037,1069.533849,404.007635,1030.024133,402.769721,,-66.40050233,-7.426531333,#VALUE!,#VALUE!,#VALUE!,#VALUE!,#VALUE!,#VALUE!,0.35
43,1000.987345,396.067338,1001.048717,395.899648,1000.131551,396.033943,1026.443004,401.773449,1067.548986,403.455264,NaN,NaN,NaN,NaN,0,0,0,0,1000.722538,396.0003097,1067.548986,403.455264,1026.443004,401.773449,,-66.82644833,-7.454954333,#VALUE!,#VALUE!,#VALUE!,#VALUE!,#VALUE!,#VALUE!,0.358333333
44,999.272988,396.250464,999.01744,395.747023,997.201389,395.460181,1022.090556,399.780906,1066.019666,403.578013,NaN,NaN,NaN,NaN,0,0,0,0,998.4972723,395.8192227,1066.019666,403.578013,1022.090556,399.780906,,-67.52239367,-7.758790333,#VALUE!,#VALUE!,#VALUE!,#VALUE!,#VALUE!,#VALUE!,0.366666667
45,996.651495,395.881385,996.523246,395.771978,994.173087,394.979823,1018.729805,397.788363,1063.481645,403.240453,NaN,NaN,NaN,NaN,0,0,0,0,995.7826093,395.5443953,1063.481645,403.240453,1018.729805,397.788363,,-67.69903567,-7.696057667,#VALUE!,#VALUE!,#VALUE!,#VALUE!,#VALUE!,#VALUE!,0.375
46,993.595672,395.615647,993.339725,395.560942,991.495283,394.752987,1016.305657,395.586078,1060.455542,402.411897,NaN,NaN,NaN,NaN,0,0,0,0,992.8102267,395.3098587,1060.455542,402.411897,1016.305657,395.586078,,-67.64531533,-7.102038333,#VALUE!,#VALUE!,#VALUE!,#VALUE!,#VALUE!,#VALUE!,0.383333333
47,990.710479,395.822332,989.522668,395.169017,988.971698,394.979823,1013.330566,393.383794,1058.202409,401.661478,NaN,NaN,NaN,NaN,0,0,0,0,989.7349483,395.323724,1058.202409,401.661478,1013.330566,393.383794,,-68.46746067,-6.337754,#VALUE!,#VALUE!,#VALUE!,#VALUE!,#VALUE!,#VALUE!,0.391666667
48,986.785996,394.78891,986.750945,394.912758,985.592899,394.699613,1009.969815,391.024203,1056.077081,401.079556,NaN,NaN,NaN,NaN,0,0,0,0,986.3766133,394.800427,1056.077081,401.079556,1009.969815,391.024203,,-69.70046767,-6.279129,#VALUE!,#VALUE!,#VALUE!,#VALUE!,#VALUE!,#VALUE!,0.4
49,983.710286,394.865354,983.155626,394.822314,982.718816,394.632897,1008.592458,389.451143,1054.020311,400.626951,NaN,NaN,NaN,NaN,0,0,0,0,983.1949093,394.7735217,1054.020311,400.626951,1008.592458,389.451143,,-70.82540167,-5.853429333,#VALUE!,#VALUE!,#VALUE!,#VALUE!,#VALUE!,#VALUE!,0.408333333
50,980.805559,395.37277,979.754361,395.074915,979.495108,395.196162,1006.829441,386.042845,1052.10066,399.495437,NaN,NaN,NaN,NaN,0,0,0,0,980.0183427,395.2146157,1052.10066,399.495437,1006.829441,386.042845,,-72.08231733,-4.280821333,#VALUE!,#VALUE!,#VALUE!,#VALUE!,#VALUE!,#VALUE!,0.416666667
51,977.533146,395.320278,976.844786,395.110646,976.654437,394.994485,1003.027935,381.900453,1050.11245,397.911318,NaN,NaN,1035.992127,396.398021,0,0,0,0,977.0107897,395.141803,1050.11245,397.911318,1003.027935,381.900453,,-73.10166033,-2.769515,-32.964192,-14.497568,#VALUE!,#VALUE!,21.5701126,#VALUE!,0.425
52,973.745971,396.055156,973.503467,395.807401,973.551363,395.611242,1001.099636,379.068944,1048.044254,396.378166,NaN,NaN,NaN,NaN,0,0,0,0,973.600267,395.8245997,1048.044254,396.378166,1001.099636,379.068944,,-74.443987,-0.553566333,#VALUE!,#VALUE!,#VALUE!,#VALUE!,#VALUE!,#VALUE!,0.433333333
53,970.767707,396.527578,970.387407,396.504156,970.385977,396.643123,997.904167,377.233707,1046.170308,395.904008,NaN,NaN,NaN,NaN,0,0,0,0,970.513697,396.5582857,1046.170308,395.904008,997.904167,377.233707,,-75.656611,0.654277667,#VALUE!,#VALUE!,#VALUE!,#VALUE!,#VALUE!,#VALUE!,0.441666667
54,967.476909,397.279952,967.421517,396.825735,967.482297,397.473373,995.204548,376.394741,1043.336537,395.386745,NaN,NaN,NaN,NaN,0,0,0,0,967.460241,397.19302,1043.336537,395.386745,995.204548,376.394741,,-75.876296,1.806275,#VALUE!,#VALUE!,#VALUE!,#VALUE!,#VALUE!,#VALUE!,0.45
55,964.108072,397.838679,964.061427,397.68328,963.516323,398.19651,991.898891,375.241164,1041.279768,395.171218,NaN,NaN,NaN,NaN,0,0,0,0,963.895274,397.9061563,1041.279768,395.171218,991.898891,375.241164,,-77.384494,2.734938333,#VALUE!,#VALUE!,#VALUE!,#VALUE!,#VALUE!,#VALUE!,0.458333333
56,960.463886,398.569669,960.119423,398.380035,960.380541,398.610441,985.948709,372.671832,1037.531877,395.904008,NaN,NaN,NaN,NaN,0,0,0,0,960.3212833,398.5200483,1037.531877,395.904008,985.948709,372.671832,,-77.21059367,2.616040333,#VALUE!,#VALUE!,#VALUE!,#VALUE!,#VALUE!,#VALUE!,0.466666667
57,956.793548,399.589321,956.063786,399.403575,956.216685,399.583481,981.210525,372.228556,1033.555456,396.679903,NaN,NaN,NaN,NaN,0,0,0,0,956.3580063,399.525459,1033.555456,396.679903,981.210525,372.228556,,-77.19744967,2.845556,#VALUE!,#VALUE!,#VALUE!,#VALUE!,#VALUE!,#VALUE!,0.475
58,952.610088,400.432638,951.39178,400.245239,951.621588,400.570604,977.684491,371.979974,1029.624741,397.585114,NaN,NaN,NaN,NaN,0,0,0,0,951.8744853,400.4161603,1029.624741,397.585114,977.684491,371.979974,,-77.75025567,2.831046333,#VALUE!,#VALUE!,#VALUE!,#VALUE!,#VALUE!,#VALUE!,0.483333333
59,948.659042,401.414203,947.837719,401.055142,947.584292,401.242769,973.636082,372.663575,1026.288204,398.576536,NaN,NaN,NaN,NaN,0,0,0,0,948.0270177,401.2373713,1026.288204,398.576536,973.636082,372.663575,,-78.26118633,2.660835333,#VALUE!,#VALUE!,#VALUE!,#VALUE!,#VALUE!,#VALUE!,0.491666667
60,945.347137,402.534017,944.333715,402.119133,943.383062,401.992483,969.391782,373.782196,1022.220371,399.783484,NaN,NaN,NaN,NaN,0,0,0,0,944.354638,402.215211,1022.220371,399.783484,969.391782,373.782196,,-77.865733,2.431727,#VALUE!,#VALUE!,#VALUE!,#VALUE!,#VALUE!,#VALUE!,0.5
61,940.420046,403.234868,940.395881,403.087841,939.479418,402.692216,965.147481,374.652235,1018.746716,400.818011,NaN,NaN,NaN,NaN,0,0,0,0,940.0984483,403.004975,1018.746716,400.818011,965.147481,374.652235,,-78.64826767,2.186964,#VALUE!,#VALUE!,#VALUE!,#VALUE!,#VALUE!,#VALUE!,0.508333333
62,936.357097,404.103274,935.676214,403.828571,935.081635,403.557504,961.490854,375.211545,1015.364473,400.947327,NaN,NaN,NaN,NaN,0,0,0,0,935.704982,403.829783,1015.364473,400.947327,961.490854,375.211545,,-79.659491,2.882456,#VALUE!,#VALUE!,#VALUE!,#VALUE!,#VALUE!,#VALUE!,0.516666667
63,932.500739,405.03722,931.760629,404.750814,930.967106,404.49359,957.703632,376.26802,1010.055376,401.52233,NaN,NaN,NaN,NaN,0,0,0,0,931.7428247,404.7605413,1010.055376,401.52233,957.703632,376.26802,,-78.31255133,3.238211333,#VALUE!,#VALUE!,#VALUE!,#VALUE!,#VALUE!,#VALUE!,0.525
64,928.076257,405.971166,927.805492,405.541307,926.967324,405.117646,954.308192,377.013767,1005.759972,402.241441,NaN,NaN,NaN,NaN,0,0,0,0,927.6163577,405.543373,1005.759972,402.241441,954.308192,377.013767,,-78.14361433,3.301932,#VALUE!,#VALUE!,#VALUE!,#VALUE!,#VALUE!,#VALUE!,0.533333333
65,923.979393,406.706057,923.988784,406.520014,922.88558,406.006927,950.847455,377.883805,1002.887897,402.553056,NaN,NaN,NaN,NaN,0,0,0,0,923.617919,406.4109993,1002.887897,402.553056,950.847455,377.883805,,-79.269978,3.857943333,#VALUE!,#VALUE!,#VALUE!,#VALUE!,#VALUE!,#VALUE!,0.541666667
66,920.092428,407.463409,919.855666,407.366972,918.574339,406.755795,946.27667,379.002426,999.609156,402.624967,NaN,NaN,NaN,NaN,0,0,0,0,919.5074777,407.195392,999.609156,402.624967,946.27667,379.002426,,-80.10167833,4.570425,#VALUE!,#VALUE!,#VALUE!,#VALUE!,#VALUE!,#VALUE!,0.55
67,916.327888,408.104245,916.197164,408.025716,915.36009,407.562714,942.946527,379.810319,995.949167,403.46393,NaN,NaN,NaN,NaN,0,0,0,0,915.961714,407.8975583,995.949167,403.46393,942.946527,379.810319,,-79.987453,4.433628333,#VALUE!,#VALUE!,#VALUE!,#VALUE!,#VALUE!,#VALUE!,0.558333333
68,911.660471,408.555744,911.945392,408.835031,910.828461,407.937148,938.63693,380.058901,991.272514,403.847456,NaN,NaN,NaN,NaN,0,0,0,0,911.478108,408.442641,991.272514,403.847456,938.63693,380.058901,,-79.794406,4.595185,#VALUE!,#VALUE!,#VALUE!,#VALUE!,#VALUE!,#VALUE!,0.566666667
69,908.237466,408.838754,907.568547,408.854935,906.38426,408.186771,934.849709,380.92894,987.078776,404.566567,NaN,NaN,NaN,NaN,0,0,0,0,907.3967577,408.62682,987.078776,404.566567,934.849709,380.92894,,-79.68201833,4.060253,#VALUE!,#VALUE!,#VALUE!,#VALUE!,#VALUE!,#VALUE!,0.575
70,903.721378,409.44291,903.578253,409.407026,902.537475,408.907903,930.931893,382.48258,983.16462,404.854212,NaN,NaN,NaN,NaN,0,0,0,0,903.2790353,409.252613,983.16462,404.854212,930.931893,382.48258,,-79.88558467,4.398401,#VALUE!,#VALUE!,#VALUE!,#VALUE!,#VALUE!,#VALUE!,0.583333333
71,899.985177,410.047065,900.044997,409.992577,898.860893,409.290619,928.058828,382.793308,979.140677,405.773929,NaN,NaN,NaN,NaN,0,0,0,0,899.6303557,409.7767537,979.140677,405.773929,928.058828,382.793308,,-79.51032133,4.002824667,#VALUE!,#VALUE!,#VALUE!,#VALUE!,#VALUE!,#VALUE!,0.591666667
72,895.541636,410.219681,895.966811,410.578128,894.422628,409.635776,924.598091,383.849783,975.224639,406.17166,NaN,NaN,NaN,NaN,0,0,0,0,895.3103583,410.1445283,975.224639,406.17166,924.598091,383.849783,,-79.91428067,3.972868333,#VALUE!,#VALUE!,#VALUE!,#VALUE!,#VALUE!,#VALUE!,0.6
73,891.877983,410.737529,892.328085,410.895998,890.036171,409.783701,920.941464,384.657675,971.007367,406.683028,NaN,NaN,NaN,NaN,0,0,0,0,891.4140797,410.4724093,971.007367,406.683028,920.941464,384.657675,,-79.59328733,3.789381333,#VALUE!,#VALUE!,#VALUE!,#VALUE!,#VALUE!,#VALUE!,0.608333333
74,887.289347,410.75479,887.781277,410.643167,886.409573,409.931626,916.576034,386.03926,967.121452,407.251214,NaN,NaN,NaN,NaN,0,0,0,0,887.1600657,410.4431943,967.121452,407.251214,916.576034,386.03926,,-79.96138633,3.191980333,#VALUE!,#VALUE!,#VALUE!,#VALUE!,#VALUE!,#VALUE!,0.616666667
75,883.047454,410.843739,884.007783,411.111608,882.385776,409.980934,913.035489,386.03926,963.597018,407.961448,NaN,NaN,NaN,NaN,0,0,0,0,883.1470043,410.645427,963.597018,407.961448,913.035489,386.03926,,-80.45001367,2.683979,#VALUE!,#VALUE!,#VALUE!,#VALUE!,#VALUE!,#VALUE!,0.625
76,878.920302,410.797708,880.1171,411.713889,878.621021,410.358963,908.508236,386.03926,960.313571,408.075085,NaN,NaN,NaN,NaN,0,0,0,0,879.2194743,410.9568533,960.313571,408.075085,908.508236,386.03926,,-81.09409667,2.881768333,#VALUE!,#VALUE!,#VALUE!,#VALUE!,#VALUE!,#VALUE!,0.633333333
77,874.970489,410.997175,875.804536,411.312368,874.629288,410.484898,904.619441,386.702146,956.81926,408.558044,NaN,NaN,NaN,NaN,0,0,0,0,875.134771,410.9314803,956.81926,408.558044,904.619441,386.702146,,-81.684489,2.373436333,#VALUE!,#VALUE!,#VALUE!,#VALUE!,#VALUE!,#VALUE!,0.641666667
78,871.375352,411.119924,871.585723,411.423902,870.668813,410.762484,901.136939,386.978349,952.601988,408.870546,NaN,NaN,NaN,NaN,0,0,0,0,871.2099627,411.1021033,952.601988,408.870546,901.136939,386.978349,,-81.39202533,2.231557333,#VALUE!,#VALUE!,#VALUE!,#VALUE!,#VALUE!,#VALUE!,0.65
79,867.224338,411.31176,867.166878,411.147046,866.508778,410.762484,896.78381,386.978349,949.529404,409.069412,NaN,NaN,NaN,NaN,0,0,0,0,866.9666647,411.0737633,949.529404,409.069412,896.78381,386.978349,,-82.56273933,2.004351333,#VALUE!,#VALUE!,#VALUE!,#VALUE!,#VALUE!,#VALUE!,0.658333333
80,863.398124,411.31176,863.52099,411.067733,862.732511,410.864753,893.475433,387.475514,946.215834,409.467142,NaN,NaN,NaN,NaN,0,0,0,0,863.2172083,411.0814153,946.215834,409.467142,893.475433,387.475514,,-82.99862567,1.614273333,#VALUE!,#VALUE!,#VALUE!,#VALUE!,#VALUE!,#VALUE!,0.666666667
81,859.457267,411.407232,859.875102,411.305671,858.910191,410.747875,888.657971,387.972678,942.96251,409.864873,NaN,NaN,NaN,NaN,0,0,0,0,859.4141867,411.1535927,942.96251,409.864873,888.657971,387.972678,,-83.54832333,1.288719667,#VALUE!,#VALUE!,#VALUE!,#VALUE!,#VALUE!,#VALUE!,0.675
82,855.573216,411.139182,855.500037,411.246186,855.0252,410.682838,883.608342,388.746046,938.688313,410.419162,NaN,NaN,NaN,NaN,0,0,0,0,855.366151,411.0227353,938.688313,410.419162,883.608342,388.746046,,-83.322162,0.603573333,#VALUE!,#VALUE!,#VALUE!,#VALUE!,#VALUE!,#VALUE!,0.683333333
83,852.133922,411.139182,851.958318,410.889279,851.222779,410.630892,880.532131,388.635565,936.657279,410.38369,NaN,NaN,NaN,NaN,0,0,0,0,851.771673,410.886451,936.657279,410.38369,880.532131,388.635565,,-84.885606,0.502761,#VALUE!,#VALUE!,#VALUE!,#VALUE!,#VALUE!,#VALUE!,0.691666667
84,848.159628,410.981578,848.374931,410.889279,847.63868,410.319216,876.237045,388.248881,933.159386,410.773878,NaN,NaN,NaN,NaN,0,0,0,0,848.0577463,410.7300243,933.159386,410.773878,876.237045,388.248881,,-85.10163967,-0.043853667,#VALUE!,#VALUE!,#VALUE!,#VALUE!,#VALUE!,#VALUE!,0.7
85,844.440095,410.66637,844.47904,410.710826,843.727099,410.076801,872.174125,388.635565,928.683589,411.412367,NaN,NaN,NaN,NaN,0,0,0,0,844.2154113,410.4846657,928.683589,411.412367,872.174125,388.635565,,-84.46817767,-0.927701333,#VALUE!,#VALUE!,#VALUE!,#VALUE!,#VALUE!,#VALUE!,0.708333333
86,840.974295,410.320611,841.208158,410.472887,840.070226,409.713178,868.111205,389.408932,924.997638,411.412367,NaN,NaN,NaN,NaN,0,0,0,0,840.750893,410.168892,924.997638,411.412367,868.111205,389.408932,,-84.246745,-1.243475,#VALUE!,#VALUE!,#VALUE!,#VALUE!,#VALUE!,#VALUE!,0.716666667
87,837.373652,409.986545,837.458102,409.878042,836.977348,409.470763,864.512619,390.348021,921.838252,411.412367,NaN,NaN,NaN,NaN,0,0,0,0,837.2697007,409.77845,921.838252,411.412367,864.512619,390.348021,,-84.56855133,-1.633917,#VALUE!,#VALUE!,#VALUE!,#VALUE!,#VALUE!,#VALUE!,0.725
88,834.090046,409.566269,833.685285,409.802363,833.284088,409.107141,860.507741,391.342351,918.114689,411.660668,NaN,NaN,NaN,NaN,0,0,0,0,833.686473,409.4919243,918.114689,411.660668,860.507741,391.342351,,-84.428216,-2.168743667,#VALUE!,#VALUE!,#VALUE!,#VALUE!,#VALUE!,#VALUE!,0.733333333
89,830.093106,408.995123,830.037082,409.185486,829.433541,408.498906,856.676988,392.612883,914.278291,411.767083,NaN,NaN,NaN,NaN,0,0,0,0,829.8545763,408.8931717,914.278291,411.767083,856.676988,392.612883,,-84.42371467,-2.873911333,#VALUE!,#VALUE!,#VALUE!,#VALUE!,#VALUE!,#VALUE!,0.741666667
90,826.199849,408.118214,826.370361,408.56861,825.600798,408.021772,852.381902,393.275769,910.667564,411.767083,NaN,NaN,NaN,NaN,0,0,0,0,826.0570027,408.2361987,910.667564,411.767083,852.381902,393.275769,,-84.61056133,-3.530884333,#VALUE!,#VALUE!,#VALUE!,#VALUE!,#VALUE!,#VALUE!,0.75
91,822.361847,407.326354,822.185113,407.704982,821.945946,407.282983,848.551149,393.993896,907.202146,411.882234,NaN,NaN,NaN,NaN,0,0,0,0,822.164302,407.4381063,907.202146,411.882234,848.551149,393.993896,,-85.037844,-4.444127667,#VALUE!,#VALUE!,#VALUE!,#VALUE!,#VALUE!,#VALUE!,0.758333333
92,818.429908,406.50895,818.462836,406.78848,818.097031,406.344106,843.232167,394.55429,903.665714,411.489857,NaN,NaN,NaN,NaN,0,0,0,0,818.329925,406.5471787,903.665714,411.489857,843.232167,394.55429,,-85.335789,-4.942678333,#VALUE!,#VALUE!,#VALUE!,#VALUE!,#VALUE!,#VALUE!,0.766666667
93,814.860298,405.921441,814.647964,406.224478,814.797962,405.728449,839.865748,395.474966,898.787375,410.983413,NaN,NaN,NaN,NaN,0,0,0,0,814.7687413,405.9581227,898.787375,410.983413,839.865748,395.474966,,-84.01863367,-5.025290333,#VALUE!,#VALUE!,#VALUE!,#VALUE!,#VALUE!,#VALUE!,0.775
94,811.371205,404.938002,811.17311,405.088117,810.981391,404.712614,836.735753,396.931574,895.969676,410.673386,NaN,NaN,NaN,NaN,0,0,0,0,811.1752353,404.912911,895.969676,410.673386,836.735753,396.931574,,-84.79444067,-5.760475,#VALUE!,#VALUE!,#VALUE!,#VALUE!,#VALUE!,#VALUE!,0.783333333
95,807.935791,403.916247,808.034518,404.252559,807.569118,404.23548,831.989231,398.060936,893.997286,409.743307,NaN,NaN,NaN,NaN,0,0,0,0,807.8464757,404.134762,893.997286,409.743307,831.989231,398.060936,,-86.15081033,-5.608545,#VALUE!,#VALUE!,#VALUE!,#VALUE!,#VALUE!,#VALUE!,0.791666667
96,804.24855,403.048087,804.676443,402.957445,803.756265,403.531613,827.500672,398.650168,891.508319,409.388991,NaN,NaN,NaN,NaN,0,0,0,0,804.227086,403.1790483,891.508319,409.388991,827.500672,398.650168,,-87.281233,-6.209942667,#VALUE!,#VALUE!,#VALUE!,#VALUE!,#VALUE!,#VALUE!,0.8
97,800.844945,402.518288,801.318368,402.226331,800.622508,402.573925,822.289816,400.172352,889.113274,409.167543,NaN,NaN,NaN,NaN,0,0,0,0,800.928607,402.4395147,889.113274,409.167543,822.289816,400.172352,,-88.184667,-6.728028333,#VALUE!,#VALUE!,#VALUE!,#VALUE!,#VALUE!,#VALUE!,0.808333333
98,797.568577,401.655473,797.76276,401.495218,797.488751,401.684642,817.027367,401.301714,886.812153,409.388991,869.661867,389.764182,NaN,NaN,0,0,0,0,797.606696,401.6117777,886.812153,409.388991,817.027367,401.301714,,-89.205457,-7.777213333,#VALUE!,#VALUE!,-52.6345,11.537532,#VALUE!,17.34637041,0.816666667
99,794.578495,401.186222,794.975338,401.348996,794.51312,401.246841,813.261105,401.694535,883.102183,408.326042,NaN,NaN,NaN,NaN,0,0,0,0,794.6889843,401.2606863,883.102183,408.326042,813.261105,401.694535,,-88.41319867,-7.065355667,#VALUE!,#VALUE!,#VALUE!,#VALUE!,#VALUE!,#VALUE!,0.825
100,791.381651,400.535327,791.705056,400.617882,791.293113,400.535415,808.462991,401.203508,880.801062,407.750279,NaN,NaN,NaN,NaN,0,0,0,0,791.45994,400.5628747,880.801062,407.750279,808.462991,401.203508,,-89.341122,-7.187404333,#VALUE!,#VALUE!,#VALUE!,#VALUE!,#VALUE!,#VALUE!,0.833333333
101,788.2083,399.761416,788.127499,399.594324,788.0178,399.72934,804.851506,401.0562,876.668437,406.820199,NaN,NaN,NaN,NaN,0,0,0,0,788.1178663,399.6950267,876.668437,406.820199,804.851506,401.0562,,-88.55057067,-7.125172333,#VALUE!,#VALUE!,#VALUE!,#VALUE!,#VALUE!,#VALUE!,0.841666667
102,785.003798,399.007924,784.791373,398.946767,784.81483,399.323969,801.240022,400.85979,873.052389,405.84583,NaN,NaN,NaN,NaN,0,0,0,0,784.8700003,399.0928867,873.052389,405.84583,801.240022,400.85979,,-88.18238867,-6.752943333,#VALUE!,#VALUE!,#VALUE!,#VALUE!,#VALUE!,#VALUE!,0.85
103,781.780446,398.505596,781.89421,398.424543,781.78223,398.756449,797.405258,400.369105,869.563843,404.830801,NaN,NaN,NaN,NaN,0,0,0,0,781.818962,398.562196,869.563843,404.830801,797.405258,400.369105,,-87.744881,-6.268605,#VALUE!,#VALUE!,#VALUE!,#VALUE!,#VALUE!,#VALUE!,0.858333333
104,778.802145,397.877687,778.852304,397.691442,778.102222,398.026782,793.828168,399.365227,867.337513,403.81597,NaN,NaN,NaN,NaN,0,0,0,0,778.585557,397.8653037,867.337513,403.81597,793.828168,399.365227,,-88.751956,-5.950666333,#VALUE!,#VALUE!,#VALUE!,#VALUE!,#VALUE!,#VALUE!,0.866666667
105,775.786004,397.735995,775.945386,397.747146,775.052586,397.621411,789.792478,398.23041,863.701174,402.486191,NaN,NaN,NaN,NaN,0,0,0,0,775.5946587,397.7015173,863.701174,402.486191,789.792478,398.23041,,-88.10651533,-4.784673667,#VALUE!,#VALUE!,#VALUE!,#VALUE!,#VALUE!,#VALUE!,0.875
106,772.70298,397.257588,772.804355,397.524331,772.139246,397.556551,785.986088,396.921004,861.474843,401.751314,NaN,NaN,NaN,NaN,0,0,0,0,772.5488603,397.4461567,861.474843,401.751314,785.986088,396.921004,,-88.92598267,-4.305157333,#VALUE!,#VALUE!,#VALUE!,#VALUE!,#VALUE!,#VALUE!,0.883333333
107,769.552934,397.034331,769.702342,397.357219,769.021462,397.21604,782.59244,395.960774,858.246665,400.911453,NaN,NaN,NaN,NaN,0,0,0,0,769.4255793,397.20253,858.246665,400.911453,782.59244,395.960774,,-88.82108567,-3.708923,#VALUE!,#VALUE!,#VALUE!,#VALUE!,#VALUE!,#VALUE!,0.891666667
108,766.62071,396.954596,766.717387,396.967292,766.510965,397.107523,778.92363,394.2149,855.204013,399.79164,NaN,NaN,NaN,NaN,0,0,0,0,766.616354,397.0098037,855.204013,399.79164,778.92363,394.2149,,-88.587659,-2.781836333,#VALUE!,#VALUE!,#VALUE!,#VALUE!,#VALUE!,#VALUE!,0.9
109,763.403642,396.763234,763.654394,396.818748,763.406432,396.977805,775.346541,391.508796,851.60478,398.636832,NaN,NaN,NaN,NaN,0,0,0,0,763.488156,396.8532623,851.60478,398.636832,775.346541,391.508796,,-88.116624,-1.783569667,#VALUE!,#VALUE!,#VALUE!,#VALUE!,#VALUE!,#VALUE!,0.908333333
110,760.60441,397.005823,760.766986,396.633069,760.438195,396.790433,771.540152,389.501042,848.747656,397.342047,NaN,NaN,NaN,NaN,0,0,0,0,760.603197,396.809775,848.747656,397.342047,771.540152,389.501042,,-88.144459,-0.532272,#VALUE!,#VALUE!,#VALUE!,#VALUE!,#VALUE!,#VALUE!,0.916666667
111,757.347625,397.346024,757.586935,396.967292,757.167076,397.222829,767.275161,386.009295,845.890532,396.677158,NaN,NaN,NaN,NaN,0,0,0,0,757.367212,397.178715,845.890532,396.677158,767.275161,386.009295,,-88.52332,0.501557,#VALUE!,#VALUE!,#VALUE!,#VALUE!,#VALUE!,#VALUE!,0.925
112,754.368858,397.667324,754.578491,397.387516,754.456289,397.554332,763.468771,383.696012,843.680608,396.558274,NaN,NaN,NaN,NaN,0,0,0,0,754.4678793,397.5363907,843.680608,396.558274,763.468771,383.696012,,-89.21272867,0.978116667,#VALUE!,#VALUE!,#VALUE!,#VALUE!,#VALUE!,#VALUE!,0.933333333
113,751.350374,398.253226,751.682412,398.394312,750.958009,397.986728,760.854744,381.557317,840.206433,395.43846,NaN,NaN,NaN,NaN,0,0,0,0,751.330265,398.211422,840.206433,395.43846,760.854744,381.557317,,-88.876168,2.772962,#VALUE!,#VALUE!,#VALUE!,#VALUE!,#VALUE!,#VALUE!,0.941666667
114,748.356921,398.688051,748.508865,398.608875,748.088406,398.317331,758.515878,379.113094,837.347935,394.816342,NaN,NaN,NaN,NaN,0,0,0,0,748.318064,398.5380857,837.347935,394.816342,758.515878,379.113094,,-89.029871,3.721743667,#VALUE!,#VALUE!,#VALUE!,#VALUE!,#VALUE!,#VALUE!,0.95
115,745.250178,399.673653,745.83823,399.120525,745.086516,399.214152,756.681474,376.974399,833.961715,394.44307,NaN,NaN,789.115726,399.280088,0,0,0,0,745.3916413,399.33611,833.961715,394.44307,756.681474,376.974399,,-88.57007367,4.89304,-32.434252,-22.305689,#VALUE!,#VALUE!,37.67916997,#VALUE!,0.958333333
116,742.261114,400.457655,742.751391,400.127321,742.138471,400.123784,753.884007,374.355589,832.290593,394.069799,NaN,NaN,NaN,NaN,0,0,0,0,742.3836587,400.2362533,832.290593,394.069799,753.884007,374.355589,,-89.90693433,6.166454333,#VALUE!,#VALUE!,#VALUE!,#VALUE!,#VALUE!,#VALUE!,0.966666667
117,739.201442,400.928056,739.49148,400.812212,739.387154,401.202526,751.773794,373.637195,828.816418,394.360121,NaN,NaN,NaN,NaN,0,0,0,0,739.3600253,400.9809313,828.816418,394.360121,751.773794,373.637195,,-89.45639267,6.620810333,#VALUE!,#VALUE!,#VALUE!,#VALUE!,#VALUE!,#VALUE!,0.975
118,735.812267,401.824059,735.815021,401.780496,735.797449,402.107888,748.403925,373.119899,823.934983,394.816342,NaN,NaN,NaN,NaN,0,0,0,0,735.8082457,401.9041477,823.934983,394.816342,748.403925,373.119899,,-88.12673733,7.087805667,#VALUE!,#VALUE!,#VALUE!,#VALUE!,#VALUE!,#VALUE!,0.983333333
119,732.37602,402.60806,732.41603,402.352664,732.353334,402.836297,744.870998,373.119899,819.889109,395.023715,NaN,NaN,NaN,NaN,0,0,0,0,732.3817947,402.599007,819.889109,395.023715,744.870998,373.119899,,-87.50731433,7.575292,#VALUE!,#VALUE!,#VALUE!,#VALUE!,#VALUE!,#VALUE!,0.991666667
120,728.374911,403.481663,728.369613,403.474994,728.514861,403.376182,741.555481,374.361409,816.107096,395.604359,NaN,NaN,NaN,NaN,0,0,0,0,728.419795,403.4442797,816.107096,395.604359,741.555481,374.361409,,-87.687301,7.839920667,#VALUE!,#VALUE!,#VALUE!,#VALUE!,#VALUE!,#VALUE!,1
121,724.585625,404.265665,724.716276,404.55331,724.789841,404.311983,738.674786,375.654649,811.5335,397.346291,NaN,NaN,NaN,NaN,0,0,0,0,724.6972473,404.376986,811.5335,397.346291,738.674786,375.654649,,-86.83625267,7.030695,#VALUE!,#VALUE!,#VALUE!,#VALUE!,#VALUE!,#VALUE!,1.008333333
122,720.744908,405.100121,720.85082,405.291488,720.93246,405.26578,735.35927,376.585782,807.355695,399.212647,NaN,NaN,NaN,NaN,0,0,0,0,720.8427293,405.2191297,807.355695,399.212647,735.35927,376.585782,,-86.51296567,6.006482667,#VALUE!,#VALUE!,#VALUE!,#VALUE!,#VALUE!,#VALUE!,1.016666667
123,716.539821,406.215146,716.822386,406.308676,716.772539,406.291561,732.859044,377.051348,803.800714,400.156057,NaN,NaN,NaN,NaN,0,0,0,0,716.711582,406.2717943,803.800714,400.156057,732.859044,377.051348,,-87.089132,6.115737333,#VALUE!,#VALUE!,#VALUE!,#VALUE!,#VALUE!,#VALUE!,1.025
124,712.962358,406.951859,712.752847,407.11721,712.655997,407.189813,728.184709,377.930751,799.592371,401.46538,NaN,NaN,NaN,NaN,0,0,0,0,712.7904007,407.086294,799.592371,401.46538,728.184709,377.930751,,-86.80197033,5.620914,#VALUE!,#VALUE!,#VALUE!,#VALUE!,#VALUE!,#VALUE!,1.033333333
125,708.903717,408.305818,708.668382,408.276999,708.605327,408.309574,725.521425,379.27572,795.861263,401.710878,NaN,NaN,NaN,NaN,0,0,0,0,708.7258087,408.2974637,795.861263,401.710878,725.521425,379.27572,,-87.13545433,6.586585667,#VALUE!,#VALUE!,#VALUE!,#VALUE!,#VALUE!,#VALUE!,1.041666667
126,705.096125,409.281465,705.416404,409.320269,705.008466,409.429336,722.477672,379.482638,791.73969,402.406456,NaN,NaN,NaN,NaN,0,0,0,0,705.173665,409.34369,791.73969,402.406456,722.477672,379.482638,,-86.566025,6.937234,#VALUE!,#VALUE!,#VALUE!,#VALUE!,#VALUE!,#VALUE!,1.05
127,701.246692,410.157556,701.342297,410.311375,701.260335,410.325145,717.694632,380.672419,788.049878,402.913932,NaN,NaN,NaN,NaN,0,0,0,0,701.283108,410.264692,788.049878,402.913932,717.694632,380.672419,,-86.76677,7.35076,#VALUE!,#VALUE!,#VALUE!,#VALUE!,#VALUE!,#VALUE!,1.058333333
128,697.125288,411.033647,697.414346,411.14599,697.209664,411.316934,713.726883,381.603551,783.12026,403.282179,NaN,NaN,NaN,NaN,0,0,0,0,697.249766,411.1655237,783.12026,403.282179,713.726883,381.603551,,-85.870494,7.883344667,#VALUE!,#VALUE!,#VALUE!,#VALUE!,#VALUE!,#VALUE!,1.066666667
129,693.574689,412.268096,693.776938,412.183429,693.322707,412.517305,709.433017,383.362357,779.703693,403.926612,NaN,NaN,NaN,NaN,0,0,0,0,693.5581113,412.3229433,779.703693,403.926612,709.433017,383.362357,,-86.14558167,8.396331333,#VALUE!,#VALUE!,#VALUE!,#VALUE!,#VALUE!,#VALUE!,1.075
130,689.893027,413.33636,689.795003,413.093195,689.498008,413.256703,705.139151,384.914245,775.457388,405.077384,NaN,NaN,NaN,NaN,0,0,0,0,689.7286793,413.2287527,775.457388,405.077384,705.139151,384.914245,,-85.72870867,8.151368667,#VALUE!,#VALUE!,#VALUE!,#VALUE!,#VALUE!,#VALUE!,1.083333333
131,685.975407,413.92632,685.895323,414.058738,685.633468,413.920265,700.845285,385.793648,772.480094,406.734496,NaN,NaN,NaN,NaN,0,0,0,0,685.8347327,413.968441,772.480094,406.734496,700.845285,385.793648,,-86.64536133,7.233945,#VALUE!,#VALUE!,#VALUE!,#VALUE!,#VALUE!,#VALUE!,1.091666667
132,682.380123,414.728666,682.690711,414.69758,682.266935,414.735499,696.823183,386.983428,768.96591,407.240836,NaN,NaN,NaN,NaN,0,0,0,0,682.445923,414.7205817,768.96591,407.240836,696.823183,386.983428,,-86.519987,7.479745667,#VALUE!,#VALUE!,#VALUE!,#VALUE!,#VALUE!,#VALUE!,1.1
133,678.88402,415.672603,678.728251,415.357029,678.732176,415.523118,692.801081,388.535316,764.86603,407.839237,NaN,NaN,NaN,NaN,0,0,0,0,678.7814823,415.5175833,764.86603,407.839237,692.801081,388.535316,,-86.08454767,7.678346333,#VALUE!,#VALUE!,#VALUE!,#VALUE!,#VALUE!,#VALUE!,1.108333333
134,675.239146,416.30976,675.090583,416.078302,675.137667,416.197213,689.496769,388.745696,760.863765,408.391608,NaN,NaN,NaN,NaN,0,0,0,0,675.1557987,416.1950917,760.863765,408.391608,689.496769,388.745696,,-85.70796633,7.803483667,#VALUE!,#VALUE!,#VALUE!,#VALUE!,#VALUE!,#VALUE!,1.116666667
135,671.420707,417.017712,671.49622,416.882005,671.330674,416.921865,685.873254,389.159533,758.325744,409.312226,NaN,NaN,NaN,NaN,0,0,0,0,671.415867,416.9405273,758.325744,409.312226,685.873254,389.159533,,-86.909877,7.628301333,#VALUE!,#VALUE!,#VALUE!,#VALUE!,#VALUE!,#VALUE!,1.125
136,668.250867,417.475955,667.779956,417.518858,667.700751,417.680223,680.848646,389.987206,753.688974,410.140782,NaN,NaN,NaN,NaN,0,0,0,0,667.9105247,417.5583453,753.688974,410.140782,680.848646,389.987206,,-85.77844933,7.417563333,#VALUE!,#VALUE!,#VALUE!,#VALUE!,#VALUE!,#VALUE!,1.133333333
137,664.16611,417.811577,663.988312,418.068399,663.734396,418.185794,676.790309,390.768898,751.199142,411.229179,NaN,NaN,NaN,NaN,0,0,0,0,663.9629393,418.0219233,751.199142,411.229179,676.790309,390.768898,,-87.23620267,6.792744333,#VALUE!,#VALUE!,#VALUE!,#VALUE!,#VALUE!,#VALUE!,1.141666667
138,660.816022,418.147199,660.427632,418.398123,659.874282,418.708218,673.794869,392.608172,746.468572,411.568633,NaN,NaN,NaN,NaN,0,0,0,0,660.3726453,418.4178467,746.468572,411.568633,673.794869,392.608172,,-86.09592667,6.849213667,#VALUE!,#VALUE!,#VALUE!,#VALUE!,#VALUE!,#VALUE!,1.15
139,656.966359,418.650632,656.736345,418.808397,656.155825,418.994708,671.379192,393.343882,742.509291,412.393021,NaN,NaN,NaN,NaN,0,0,0,0,656.6195097,418.8179123,742.509291,412.393021,671.379192,393.343882,,-85.88978133,6.424891333,#VALUE!,#VALUE!,#VALUE!,#VALUE!,#VALUE!,#VALUE!,1.158333333
140,653.675044,419.126096,653.41732,419.150334,653.379661,419.432286,667.320855,393.849682,738.035817,413.265904,NaN,NaN,NaN,NaN,0,0,0,0,653.490675,419.2362387,738.035817,413.265904,667.320855,393.849682,,-84.545142,5.970334667,#VALUE!,#VALUE!,#VALUE!,#VALUE!,#VALUE!,#VALUE!,1.166666667
141,650.354343,419.629529,650.149621,419.573684,649.94845,419.776823,663.117577,394.815301,734.230794,413.508371,NaN,NaN,NaN,NaN,0,0,0,0,650.1508047,419.660012,734.230794,413.508371,663.117577,394.815301,,-84.07998933,6.151641,#VALUE!,#VALUE!,#VALUE!,#VALUE!,#VALUE!,#VALUE!,1.175
142,646.50468,420.104993,646.693729,419.834207,646.517238,420.106381,659.735629,396.010829,731.402736,413.944812,NaN,NaN,NaN,NaN,0,0,0,0,646.5718823,420.0151937,731.402736,413.944812,659.735629,396.010829,,-84.83085367,6.070381667,#VALUE!,#VALUE!,#VALUE!,#VALUE!,#VALUE!,#VALUE!,1.183333333
143,643.330912,420.272804,643.545788,420.143579,643.148984,420.630677,655.725606,396.010829,727.700551,414.47824,NaN,NaN,NaN,NaN,0,0,0,0,643.3418947,420.34902,727.700551,414.47824,655.725606,396.010829,,-84.35865633,5.87078,#VALUE!,#VALUE!,#VALUE!,#VALUE!,#VALUE!,#VALUE!,1.191666667
144,640.127757,420.496552,639.816163,420.404102,639.15115,420.735536,651.715582,396.424666,724.049785,414.963174,NaN,NaN,NaN,NaN,0,0,0,0,639.6983567,420.5453967,724.049785,414.963174,651.715582,396.424666,,-84.35142833,5.582222667,#VALUE!,#VALUE!,#VALUE!,#VALUE!,#VALUE!,#VALUE!,1.2
145,636.314607,421.090736,636.377379,420.860017,636.113425,421.080074,648.526888,397.02243,721.06747,415.836056,NaN,NaN,NaN,NaN,0,0,0,0,636.2684703,421.0102757,721.06747,415.836056,648.526888,397.02243,,-84.79899967,5.174219667,#VALUE!,#VALUE!,#VALUE!,#VALUE!,#VALUE!,#VALUE!,1.208333333
146,632.997171,421.140458,633.166397,420.780282,632.729432,421.409631,644.661805,398.034031,718.753604,415.88455,NaN,NaN,NaN,NaN,0,0,0,0,632.9643333,421.1101237,718.753604,415.88455,644.661805,398.034031,,-85.78927067,5.225573667,#VALUE!,#VALUE!,#VALUE!,#VALUE!,#VALUE!,#VALUE!,1.216666667
147,629.470762,421.239901,629.577441,420.751335,629.176793,421.308804,641.762993,399.413486,715.411354,416.369484,NaN,NaN,NaN,NaN,0,0,0,0,629.408332,421.1000133,715.411354,416.369484,641.762993,399.413486,,-86.003022,4.730529333,#VALUE!,#VALUE!,#VALUE!,#VALUE!,#VALUE!,#VALUE!,1.225
148,626.04884,421.339345,626.383877,420.751335,625.926812,421.203595,638.187791,400.609015,711.709169,416.708938,NaN,NaN,NaN,NaN,0,0,0,0,626.119843,421.0980917,711.709169,416.708938,638.187791,400.609015,,-85.589326,4.389153667,#VALUE!,#VALUE!,#VALUE!,#VALUE!,#VALUE!,#VALUE!,1.233333333
149,622.626917,421.140458,623.296766,420.65002,622.654723,421.203595,633.694632,401.850525,708.469757,417.387847,NaN,NaN,NaN,NaN,0,0,0,0,622.8594687,420.9980243,708.469757,417.387847,633.694632,401.850525,,-85.61028833,3.610177333,#VALUE!,#VALUE!,#VALUE!,#VALUE!,#VALUE!,#VALUE!,1.241666667
150,619.204995,420.91671,619.859884,420.447391,619.426851,420.930053,629.491354,403.183998,704.767572,417.581821,NaN,NaN,NaN,NaN,0,0,0,0,619.4972433,420.764718,704.767572,417.581821,629.491354,403.183998,,-85.27032867,3.182897,#VALUE!,#VALUE!,#VALUE!,#VALUE!,#VALUE!,#VALUE!,1.25
151,616.122652,420.817266,616.13406,420.534232,616.265305,420.930053,625.48133,405.069255,702.402287,418.018262,NaN,NaN,NaN,NaN,0,0,0,0,616.1740057,420.760517,702.402287,418.018262,625.48133,405.069255,,-86.22828133,2.742255,#VALUE!,#VALUE!,#VALUE!,#VALUE!,#VALUE!,#VALUE!,1.258333333
152,612.909702,420.568658,613.087553,420.420977,613.25852,420.719636,622.534204,407.046474,698.751522,418.260729,NaN,NaN,NaN,NaN,0,0,0,0,613.0852583,420.569757,698.751522,418.260729,622.534204,407.046474,,-85.66626367,2.309028,#VALUE!,#VALUE!,#VALUE!,#VALUE!,#VALUE!,#VALUE!,1.266666667
153,609.592266,420.270327,609.782469,420.247295,609.588473,420.27776,618.669121,409.483513,695.409271,418.939637,NaN,NaN,NaN,NaN,0,0,0,0,609.6544027,420.2651273,695.409271,418.939637,618.669121,409.483513,,-85.75486833,1.325490333,#VALUE!,#VALUE!,#VALUE!,#VALUE!,#VALUE!,#VALUE!,1.275
154,606.483802,420.046579,606.781533,419.842037,606.758558,419.920051,615.043325,411.534372,691.664545,419.337967,NaN,NaN,NaN,NaN,0,0,0,0,606.674631,419.9362223,691.664545,419.337967,615.043325,411.534372,,-84.989914,0.598255333,#VALUE!,#VALUE!,#VALUE!,#VALUE!,#VALUE!,#VALUE!,1.283333333
155,603.352589,419.668856,603.598108,419.417481,603.574903,419.66755,611.56475,413.169283,687.845556,419.874389,NaN,NaN,NaN,NaN,0,0,0,0,603.5085333,419.584629,687.845556,419.874389,611.56475,413.169283,,-84.33702267,-0.28976,#VALUE!,#VALUE!,#VALUE!,#VALUE!,#VALUE!,#VALUE!,1.291666667
156,600.148346,418.895406,600.047866,418.820639,600.099667,418.865221,608.000285,414.76332,685.001628,419.49123,NaN,NaN,NaN,NaN,0,0,0,0,600.0986263,418.860422,685.001628,419.49123,608.000285,414.76332,,-84.90300167,-0.630808,#VALUE!,#VALUE!,#VALUE!,#VALUE!,#VALUE!,#VALUE!,1.3
157,597.036979,418.519731,597.055942,418.46041,597.171491,418.472442,604.607601,416.030376,681.467032,419.22302,NaN,NaN,NaN,NaN,0,0,0,0,597.0881373,418.4841943,681.467032,419.22302,604.607601,416.030376,,-84.37889467,-0.738825667,#VALUE!,#VALUE!,#VALUE!,#VALUE!,#VALUE!,#VALUE!,1.308333333
158,594.389996,417.812577,593.9739,417.96295,594.341575,418.135775,602.546223,416.193867,677.932435,419.22302,645.092371,404.516517,NaN,NaN,0,0,0,0,594.235157,417.970434,677.932435,419.22302,602.546223,416.193867,,-83.697278,-1.252586,#VALUE!,#VALUE!,-42.546148,11.67735,#VALUE!,16.20505678,1.316666667
159,590.837466,416.972831,590.873835,417.208183,590.548703,417.088365,600.012446,416.929577,674.763487,419.031441,NaN,NaN,NaN,NaN,0,0,0,0,590.7533347,417.089793,674.763487,419.031441,600.012446,416.929577,,-84.01015233,-1.941648,#VALUE!,#VALUE!,#VALUE!,#VALUE!,#VALUE!,#VALUE!,1.325
160,587.70288,416.110988,587.665627,415.921649,587.640178,416.11577,597.47867,417.951396,672.488345,418.609967,NaN,NaN,NaN,NaN,0,0,0,0,587.6695617,416.049469,672.488345,418.609967,597.47867,417.951396,,-84.81878333,-2.560498,#VALUE!,#VALUE!,#VALUE!,#VALUE!,#VALUE!,#VALUE!,1.333333333
161,584.754048,415.337538,584.799869,415.441343,584.731654,415.760399,595.975582,419.05496,669.441279,418.648283,NaN,NaN,NaN,NaN,0,0,0,0,584.761857,415.5130933,669.441279,418.648283,595.975582,419.05496,,-84.679422,-3.135189667,#VALUE!,#VALUE!,#VALUE!,#VALUE!,#VALUE!,#VALUE!,1.341666667
162,581.712339,414.365201,581.73585,414.583653,581.606956,414.712989,592.411116,419.954161,666.678606,418.648283,NaN,NaN,NaN,NaN,0,0,0,0,581.6850483,414.5539477,666.678606,418.648283,592.411116,419.954161,,-84.99355767,-4.094335333,#VALUE!,#VALUE!,#VALUE!,#VALUE!,#VALUE!,#VALUE!,1.35
163,578.639246,413.688654,578.990413,413.462468,578.541215,413.572061,590.306793,419.954161,664.182195,418.20421,NaN,NaN,NaN,NaN,0,0,0,0,578.7236247,413.5743943,664.182195,418.20421,590.306793,419.954161,,-85.45857033,-4.629815667,#VALUE!,#VALUE!,#VALUE!,#VALUE!,#VALUE!,#VALUE!,1.358333333
164,575.281929,412.876737,575.529875,412.791565,575.514777,412.973541,587.644181,419.954161,662.232073,418.067976,NaN,NaN,NaN,NaN,0,0,0,0,575.4421937,412.8806143,662.232073,418.067976,587.644181,419.954161,,-86.78987933,-5.187361667,#VALUE!,#VALUE!,#VALUE!,#VALUE!,#VALUE!,#VALUE!,1.366666667
165,572.034687,412.195774,572.165463,412.044422,572.252514,412.31891,584.638005,419.954161,658.006808,417.114338,NaN,NaN,NaN,NaN,0,0,0,0,572.150888,412.1863687,658.006808,417.114338,584.638005,419.954161,,-85.85592,-4.927969333,#VALUE!,#VALUE!,#VALUE!,#VALUE!,#VALUE!,#VALUE!,1.375
166,569.50294,411.593383,569.457912,411.830952,569.226077,411.907427,581.073539,419.954161,655.442759,416.228817,NaN,NaN,NaN,NaN,0,0,0,0,569.395643,411.777254,655.442759,416.228817,581.073539,419.954161,,-86.047116,-4.451563,#VALUE!,#VALUE!,#VALUE!,#VALUE!,#VALUE!,#VALUE!,1.383333333
167,566.118103,411.410047,566.205647,411.175296,565.992047,411.254119,577.723801,419.05496,652.228669,415.990408,NaN,NaN,NaN,NaN,0,0,0,0,566.1052657,411.2798207,652.228669,415.990408,577.723801,419.05496,,-86.12340333,-4.710587333,#VALUE!,#VALUE!,#VALUE!,#VALUE!,#VALUE!,#VALUE!,1.391666667
168,563.008457,410.807657,562.793171,410.916084,562.707947,410.888357,573.729881,417.501795,648.942352,415.173004,NaN,NaN,NaN,NaN,0,0,0,0,562.836525,410.8706993,648.942352,415.173004,573.729881,417.501795,,-86.105827,-4.302304667,#VALUE!,#VALUE!,#VALUE!,#VALUE!,#VALUE!,#VALUE!,1.4
169,560.339115,410.807657,559.781221,410.641623,559.720815,410.788603,569.644465,416.419153,645.692148,414.594009,NaN,NaN,NaN,NaN,0,0,0,0,559.9470503,410.745961,645.692148,414.594009,569.644465,416.419153,,-85.74509767,-3.848048,#VALUE!,#VALUE!,#VALUE!,#VALUE!,#VALUE!,#VALUE!,1.408333333
170,557.339544,410.571939,557.249902,410.504393,556.978242,410.738727,564.109285,414.965899,641.611337,413.606313,NaN,NaN,NaN,NaN,0,0,0,0,557.1892293,410.6050197,641.611337,413.606313,564.109285,414.965899,,-84.42210767,-3.001293333,#VALUE!,#VALUE!,#VALUE!,#VALUE!,#VALUE!,#VALUE!,1.416666667
171,553.817113,410.467175,554.392801,410.587142,554.148327,410.372965,558.764972,411.805072,639.444535,413.265728,NaN,NaN,NaN,NaN,0,0,0,0,554.1194137,410.4757607,639.444535,413.265728,558.764972,411.805072,,-85.32512133,-2.789967333,#VALUE!,#VALUE!,#VALUE!,#VALUE!,#VALUE!,#VALUE!,1.425
172,551.312884,410.676702,550.918022,410.731714,551.370817,410.738727,552.771708,407.009335,636.302672,412.31209,NaN,NaN,NaN,NaN,0,0,0,0,551.2005743,410.7157143,636.302672,412.31209,552.771708,407.009335,,-85.10209767,-1.596375667,#VALUE!,#VALUE!,#VALUE!,#VALUE!,#VALUE!,#VALUE!,1.433333333
173,548.533466,410.938611,548.848345,410.912429,548.331279,410.788603,550.29042,404.466141,632.546881,411.903388,NaN,NaN,NaN,NaN,0,0,0,0,548.57103,410.879881,632.546881,411.903388,550.29042,404.466141,,-83.975851,-1.023507,#VALUE!,#VALUE!,#VALUE!,#VALUE!,#VALUE!,#VALUE!,1.441666667
174,545.643971,410.938611,545.791299,410.894357,545.431489,410.738727,548.229042,402.104604,629.441131,410.779457,NaN,NaN,NaN,NaN,0,0,0,0,545.622253,410.8572317,629.441131,410.779457,548.229042,402.104604,,-83.818878,0.077774667,#VALUE!,#VALUE!,#VALUE!,#VALUE!,#VALUE!,#VALUE!,1.45
175,542.505568,411.537377,542.278544,411.599145,541.91278,411.36894,545.556886,398.725789,625.377425,410.575405,NaN,NaN,605.540853,426.118549,0,0,0,0,542.2322973,411.5018207,625.377425,410.575405,545.556886,398.725789,,-83.14512767,0.926415667,-59.983967,-27.39276,#VALUE!,#VALUE!,25.18303619,#VALUE!,1.458333333
176,539.301134,412.049554,539.392388,412.231647,539.117802,412.13741,540.747005,394.002715,622.063251,410.352148,NaN,NaN,NaN,NaN,0,0,0,0,539.2704413,412.139537,622.063251,410.352148,540.747005,394.002715,,-82.79280967,1.787389,#VALUE!,#VALUE!,#VALUE!,#VALUE!,#VALUE!,#VALUE!,1.466666667
177,536.267929,412.747978,536.240403,412.864149,535.95016,412.945289,538.265717,390.478575,618.309442,410.256466,NaN,NaN,NaN,NaN,0,0,0,0,536.1528307,412.852472,618.309442,410.256466,538.265717,390.478575,,-82.15661133,2.596006,#VALUE!,#VALUE!,#VALUE!,#VALUE!,#VALUE!,#VALUE!,1.475
178,533.16134,413.469682,532.575745,413.713508,532.140708,413.694054,536.577514,386.067716,613.879271,410.256466,NaN,NaN,NaN,NaN,0,0,0,0,532.625931,413.625748,613.879271,410.256466,536.577514,386.067716,,-81.25334,3.369282,#VALUE!,#VALUE!,#VALUE!,#VALUE!,#VALUE!,#VALUE!,1.483333333
179,529.125221,414.28451,528.683233,414.309867,528.70392,414.206368,533.8177,384.086985,610.429824,410.798661,NaN,NaN,NaN,NaN,0,0,0,0,528.837458,414.266915,610.429824,410.798661,533.8177,384.086985,,-81.592366,3.468254,#VALUE!,#VALUE!,#VALUE!,#VALUE!,#VALUE!,#VALUE!,1.491666667
180,525.456022,415.099337,525.212796,415.177849,524.977283,415.171881,531.465071,383.053561,606.168744,410.926237,NaN,NaN,NaN,NaN,0,0,0,0,525.215367,415.149689,606.168744,410.926237,531.465071,383.053561,,-80.953377,4.223452,#VALUE!,#VALUE!,#VALUE!,#VALUE!,#VALUE!,#VALUE!,1.5
181,521.479338,416.494022,521.58963,416.420096,521.366916,416.186897,528.479043,382.321551,602.347298,411.819264,NaN,NaN,NaN,NaN,0,0,0,0,521.478628,416.367005,602.347298,411.819264,528.479043,382.321551,,-80.86867,4.547741,#VALUE!,#VALUE!,#VALUE!,#VALUE!,#VALUE!,#VALUE!,1.508333333
182,517.543782,417.301089,517.358852,417.2554,517.355029,417.255311,525.493014,383.311917,598.187672,412.712291,NaN,NaN,NaN,NaN,0,0,0,0,517.419221,417.2706,598.187672,412.712291,525.493014,383.311917,,-80.768451,4.558309,#VALUE!,#VALUE!,#VALUE!,#VALUE!,#VALUE!,#VALUE!,1.516666667
183,513.390792,418.397873,513.420629,418.112122,513.232724,418.183605,522.461743,384.43146,593.453138,413.605319,NaN,NaN,NaN,NaN,0,0,0,0,513.3480483,418.2312,593.453138,413.605319,522.461743,384.43146,,-80.10508967,4.625881,#VALUE!,#VALUE!,#VALUE!,#VALUE!,#VALUE!,#VALUE!,1.525
184,509.390005,419.30841,509.054826,419.01168,509.110419,419.024324,517.756486,385.551004,589.327329,414.243195,NaN,NaN,NaN,NaN,0,0,0,0,509.1850833,419.1148047,589.327329,414.243195,517.756486,385.551004,,-80.14224567,4.871609667,#VALUE!,#VALUE!,#VALUE!,#VALUE!,#VALUE!,#VALUE!,1.533333333
185,504.927091,420.328925,504.846553,420.168255,504.712066,420.092738,514.046572,387.058082,585.032431,415.008647,NaN,NaN,NaN,NaN,0,0,0,0,504.82857,420.1966393,585.032431,415.008647,514.046572,387.058082,,-80.203861,5.187992333,#VALUE!,#VALUE!,#VALUE!,#VALUE!,#VALUE!,#VALUE!,1.541666667
186,500.288498,421.187344,500.233205,421.110649,500.368924,420.950972,511.603457,388.177625,580.637531,415.490881,NaN,NaN,NaN,NaN,0,0,0,0,500.2968757,421.0829883,580.637531,415.490881,511.603457,388.177625,,-80.34065533,5.592107333,#VALUE!,#VALUE!,#VALUE!,#VALUE!,#VALUE!,#VALUE!,1.55
187,496.319924,422.143868,496.282809,421.902321,496.287264,422.01795,509.015783,390.701112,576.028249,416.171283,NaN,NaN,NaN,NaN,0,0,0,0,496.2966657,422.0213797,576.028249,416.171283,509.015783,390.701112,,-79.73158333,5.850096667,#VALUE!,#VALUE!,#VALUE!,#VALUE!,#VALUE!,#VALUE!,1.558333333
188,491.835951,423.321129,491.641956,423.063656,491.641492,423.107771,506.298977,393.082668,571.859855,416.851684,NaN,NaN,NaN,NaN,0,0,0,0,491.7064663,423.1641853,571.859855,416.851684,506.298977,393.082668,,-80.15338867,6.312501333,#VALUE!,#VALUE!,#VALUE!,#VALUE!,#VALUE!,#VALUE!,1.566666667
189,487.558138,424.105969,487.341165,423.996531,487.48647,423.979628,502.223769,394.511601,568.573237,417.494286,NaN,NaN,NaN,NaN,0,0,0,0,487.4619243,424.027376,568.573237,417.494286,502.223769,394.511601,,-81.11131267,6.53309,#VALUE!,#VALUE!,#VALUE!,#VALUE!,#VALUE!,#VALUE!,1.575
190,483.616349,424.693714,483.240412,424.929406,483.478673,425.007174,498.506035,396.3488,564.044116,417.910087,NaN,NaN,NaN,NaN,0,0,0,0,483.4451447,424.8767647,564.044116,417.910087,498.506035,396.3488,,-80.59897133,6.966677667,#VALUE!,#VALUE!,#VALUE!,#VALUE!,#VALUE!,#VALUE!,1.583333333
191,479.426268,425.690679,479.299688,425.633822,479.307293,425.832324,492.428969,398.049911,559.114189,418.363688,NaN,NaN,NaN,NaN,0,0,0,0,479.3444163,425.7189417,559.114189,418.363688,492.428969,398.049911,,-79.76977267,7.355253667,#VALUE!,#VALUE!,#VALUE!,#VALUE!,#VALUE!,#VALUE!,1.591666667
192,475.697215,426.569493,475.438978,426.490544,475.446721,426.641906,486.494894,399.002533,555.707328,418.855089,NaN,NaN,NaN,NaN,0,0,0,0,475.527638,426.5673143,555.707328,418.855089,486.494894,399.002533,,-80.17969,7.712225333,#VALUE!,#VALUE!,#VALUE!,#VALUE!,#VALUE!,#VALUE!,1.6
193,472.110252,427.35498,471.658283,426.966501,471.430328,427.176903,482.77716,399.614933,551.579015,419.611091,NaN,NaN,NaN,NaN,0,0,0,0,471.7329543,427.166128,551.579015,419.611091,482.77716,399.614933,,-79.84606067,7.555037,#VALUE!,#VALUE!,#VALUE!,#VALUE!,#VALUE!,#VALUE!,1.608333333
194,467.475768,427.89878,467.081853,427.745921,467.155345,427.63359,477.844013,401.384088,547.691186,419.951292,NaN,NaN,NaN,NaN,0,0,0,0,467.2376553,427.7594303,547.691186,419.951292,477.844013,401.384088,,-80.45353067,7.808138333,#VALUE!,#VALUE!,#VALUE!,#VALUE!,#VALUE!,#VALUE!,1.616666667
195,463.349173,428.261313,463.205585,428.050533,463.272962,428.18715,474.626743,403.085199,543.763276,420.896295,NaN,NaN,NaN,NaN,0,0,0,0,463.2759067,428.166332,543.763276,420.896295,474.626743,403.085199,,-80.48736933,7.270037,#VALUE!,#VALUE!,#VALUE!,#VALUE!,#VALUE!,#VALUE!,1.625
196,459.857439,429.077011,459.54269,428.642835,459.274253,428.906778,470.909009,404.650221,539.915528,421.463296,NaN,NaN,NaN,NaN,0,0,0,0,459.5581273,428.8755413,539.915528,421.463296,470.909009,404.650221,,-80.35740067,7.412245333,#VALUE!,#VALUE!,#VALUE!,#VALUE!,#VALUE!,#VALUE!,1.633333333
197,455.724139,429.439642,454.95518,428.930524,455.272076,429.370704,466.905295,405.602843,537.339846,422.083554,NaN,NaN,NaN,NaN,0,0,0,0,455.3171317,429.2469567,537.339846,422.083554,466.905295,405.602843,,-82.02271433,7.163402667,#VALUE!,#VALUE!,#VALUE!,#VALUE!,#VALUE!,#VALUE!,1.641666667
198,451.724517,429.802175,451.683467,429.522826,451.653043,429.764347,463.473541,406.419376,533.06457,422.710755,NaN,NaN,NaN,NaN,0,0,0,0,451.687009,429.6964493,533.06457,422.710755,463.473541,406.419376,,-81.377561,6.985694333,#VALUE!,#VALUE!,#VALUE!,#VALUE!,#VALUE!,#VALUE!,1.65
199,448.021162,430.064005,447.167082,429.590518,447.499771,429.780749,459.612817,406.419376,529.549343,423.158757,NaN,NaN,NaN,NaN,0,0,0,0,447.5626717,429.8117573,529.549343,423.158757,459.612817,406.419376,,-81.98667133,6.653000333,#VALUE!,#VALUE!,#VALUE!,#VALUE!,#VALUE!,#VALUE!,1.658333333
200,444.233159,430.406397,443.824245,430.115128,443.656703,430.289204,455.966578,407.371998,525.701594,423.741158,NaN,NaN,NaN,NaN,0,0,0,0,443.9047023,430.270243,525.701594,423.741158,455.966578,407.371998,,-81.79689167,6.529085,#VALUE!,#VALUE!,#VALUE!,#VALUE!,#VALUE!,#VALUE!,1.666666667
201,440.275861,430.688367,439.543425,430.212555,440.123837,430.568034,451.533895,407.371998,521.996355,424.278759,NaN,NaN,NaN,NaN,0,0,0,0,439.981041,430.489652,521.996355,424.278759,451.533895,407.371998,,-82.015314,6.210893,#VALUE!,#VALUE!,#VALUE!,#VALUE!,#VALUE!,#VALUE!,1.675
202,435.916483,430.849492,435.607887,430.678875,435.74653,430.912471,448.38812,407.84831,518.148607,424.59236,NaN,NaN,NaN,NaN,0,0,0,0,435.7569667,430.8136127,518.148607,424.59236,448.38812,407.84831,,-82.39164033,6.221252667,#VALUE!,#VALUE!,#VALUE!,#VALUE!,#VALUE!,#VALUE!,1.683333333
203,432.678693,431.212025,431.877818,430.859386,432.083965,431.055225,443.383478,408.528754,516.390993,425.174762,NaN,NaN,NaN,NaN,0,0,0,0,432.213492,431.042212,516.390993,425.174762,443.383478,408.528754,,-84.177501,5.86745,#VALUE!,#VALUE!,#VALUE!,#VALUE!,#VALUE!,#VALUE!,1.691666667
204,428.425126,431.212025,428.052918,431.265535,428.346212,431.39055,440.387805,409.320306,513.350797,425.712363,NaN,NaN,NaN,NaN,0,0,0,0,428.274752,431.28937,513.350797,425.712363,440.387805,409.320306,,-85.076045,5.577007,#VALUE!,#VALUE!,#VALUE!,#VALUE!,#VALUE!,#VALUE!,1.7
205,424.743937,431.267052,424.345237,431.030984,424.393998,431.259336,437.051377,409.955387,510.358104,426.787566,NaN,NaN,NaN,NaN,0,0,0,0,424.4943907,431.1857907,510.358104,426.787566,437.051377,409.955387,,-85.86371333,4.398224667,#VALUE!,#VALUE!,#VALUE!,#VALUE!,#VALUE!,#VALUE!,1.708333333
206,421.207528,431.732527,420.397406,431.498975,420.564333,431.638399,432.666357,410.409017,506.795374,427.101167,NaN,NaN,NaN,NaN,0,0,0,0,420.723089,431.6233003,506.795374,427.101167,432.666357,410.409017,,-86.072285,4.522133333,#VALUE!,#VALUE!,#VALUE!,#VALUE!,#VALUE!,#VALUE!,1.716666667
207,417.520632,431.428178,416.885101,431.498975,416.887855,431.594661,428.948623,411.361639,504.654086,427.16734,NaN,NaN,NaN,NaN,0,0,0,0,417.0978627,431.5072713,504.654086,427.16734,428.948623,411.361639,,-87.55622333,4.339931333,#VALUE!,#VALUE!,#VALUE!,#VALUE!,#VALUE!,#VALUE!,1.725
208,413.796116,431.643012,412.838925,431.338521,413.257332,431.39055,424.372951,412.314261,501.30424,427.724853,NaN,NaN,NaN,NaN,0,0,0,0,413.2974577,431.457361,501.30424,427.724853,424.372951,412.314261,,-88.00678233,3.732508,#VALUE!,#VALUE!,#VALUE!,#VALUE!,#VALUE!,#VALUE!,1.733333333
209,410.165653,431.732527,409.101832,431.44549,409.668851,431.574682,421.036523,412.76789,497.475844,428.468203,NaN,NaN,NaN,NaN,0,0,0,0,409.6454453,431.584233,497.475844,428.468203,421.036523,412.76789,,-87.83039867,3.11603,#VALUE!,#VALUE!,#VALUE!,#VALUE!,#VALUE!,#VALUE!,1.741666667
210,406.572811,431.499789,405.645724,431.204809,406.264447,431.347765,417.271125,413.493698,494.210449,428.94607,NaN,NaN,NaN,NaN,0,0,0,0,406.160994,431.3507877,494.210449,428.94607,417.271125,413.493698,,-88.049455,2.404717667,#VALUE!,#VALUE!,#VALUE!,#VALUE!,#VALUE!,#VALUE!,1.75
211,402.942348,431.320761,402.372757,430.897226,402.810877,431.255609,413.553391,414.083416,491.367302,429.68942,NaN,NaN,NaN,NaN,0,0,0,0,402.7086607,431.1578653,491.367302,429.68942,413.553391,414.083416,,-88.65864133,1.468445333,#VALUE!,#VALUE!,#VALUE!,#VALUE!,#VALUE!,#VALUE!,1.758333333
212,400.083793,431.428549,398.763669,430.790256,399.351506,431.2178,409.618772,414.865481,486.241692,429.670631,NaN,NaN,NaN,NaN,0,0,0,0,399.399656,431.145535,486.241692,429.670631,409.618772,414.865481,,-86.842036,1.474904,#VALUE!,#VALUE!,#VALUE!,#VALUE!,#VALUE!,#VALUE!,1.766666667
213,396.449846,431.301239,395.654108,430.623859,396.016705,430.9945,406.229385,416.209569,483.500166,429.869518,NaN,NaN,NaN,NaN,0,0,0,0,396.0402197,430.9731993,483.500166,429.869518,406.229385,416.209569,,-87.45994633,1.103681333,#VALUE!,#VALUE!,#VALUE!,#VALUE!,#VALUE!,#VALUE!,1.775
214,392.726723,430.749566,391.6808,430.411264,392.369477,430.718033,402.04914,417.876237,478.702496,430.217571,NaN,NaN,NaN,NaN,0,0,0,0,392.259,430.6262877,478.702496,430.217571,402.04914,417.876237,,-86.443496,0.408716667,#VALUE!,#VALUE!,#VALUE!,#VALUE!,#VALUE!,#VALUE!,1.783333333
215,389.739307,430.749566,388.666981,430.411264,389.254809,430.610517,398.094855,419.75796,476.42896,430.431041,NaN,NaN,NaN,NaN,0,0,0,0,389.2203657,430.590449,476.42896,430.431041,398.094855,419.75796,,-87.20859433,0.159408,#VALUE!,#VALUE!,#VALUE!,#VALUE!,#VALUE!,#VALUE!,1.791666667
216,386.417479,429.922056,385.403399,429.793218,385.928657,429.938204,394.14057,421.478392,473.308238,430.659953,NaN,NaN,NaN,NaN,0,0,0,0,385.9165117,429.8844927,473.308238,430.659953,394.14057,421.478392,,-87.39172633,-0.775460333,#VALUE!,#VALUE!,#VALUE!,#VALUE!,#VALUE!,#VALUE!,1.8
217,382.516002,429.476474,381.690242,429.412882,382.371086,429.351136,390.638204,423.037533,470.846335,431.248583,NaN,NaN,NaN,NaN,0,0,0,0,382.1924433,429.4134973,470.846335,431.248583,390.638204,423.037533,,-88.65389167,-1.835085667,#VALUE!,#VALUE!,#VALUE!,#VALUE!,#VALUE!,#VALUE!,1.808333333
218,378.324702,428.882365,377.394303,428.525432,378.167987,428.682153,386.175511,424.919256,468.835203,431.641004,NaN,NaN,NaN,NaN,0,0,0,0,377.9623307,428.69665,468.835203,431.641004,386.175511,424.919256,,-90.87287233,-2.944354,#VALUE!,#VALUE!,#VALUE!,#VALUE!,#VALUE!,#VALUE!,1.816666667
219,374.71305,428.521655,373.875928,428.460472,374.510001,428.450056,383.238042,426.370871,465.818504,432.066126,NaN,NaN,NaN,NaN,0,0,0,0,374.3663263,428.4773943,465.818504,432.066126,383.238042,426.370871,,-91.45217767,-3.588731667,#VALUE!,#VALUE!,#VALUE!,#VALUE!,#VALUE!,#VALUE!,1.825
220,371.368927,428.033637,370.50134,427.671628,370.938084,427.97221,380.526532,427.822485,463.009854,432.393142,NaN,NaN,NaN,NaN,0,0,0,0,370.936117,427.8924917,463.009854,432.393142,380.526532,427.822485,,-92.073737,-4.500650333,#VALUE!,#VALUE!,#VALUE!,#VALUE!,#VALUE!,#VALUE!,1.833333333
221,368.180863,427.609272,367.46717,427.1786,367.690875,427.067272,377.250125,427.876249,459.819782,432.523949,426.5976,418.855799,NaN,NaN,0,0,0,0,367.779636,427.285048,459.819782,432.523949,377.250125,427.876249,,-92.040146,-5.238901,#VALUE!,#VALUE!,-49.347475,9.02045,#VALUE!,13.61673495,1.841666667
222,364.704231,426.90145,363.115728,426.629225,363.891032,426.302719,374.312656,428.521411,456.733735,432.360441,NaN,NaN,NaN,NaN,0,0,0,0,363.9036637,426.6111313,456.733735,432.360441,374.312656,428.521411,,-92.83007133,-5.749309667,#VALUE!,#VALUE!,#VALUE!,#VALUE!,#VALUE!,#VALUE!,1.85
223,361.731678,426.165886,359.681936,426.24889,360.818005,425.987189,370.866779,429.757971,454.133133,432.033424,NaN,NaN,NaN,NaN,0,0,0,0,360.743873,426.1339883,454.133133,432.033424,370.866779,429.757971,,-93.38926,-5.899435667,#VALUE!,#VALUE!,#VALUE!,#VALUE!,#VALUE!,#VALUE!,1.858333333
224,358.283516,425.67551,357.537836,425.484011,357.706724,425.356129,365.38727,431.102059,449.452049,431.902617,NaN,NaN,NaN,NaN,0,0,0,0,357.842692,425.5052167,449.452049,431.902617,365.38727,431.102059,,-91.609357,-6.397400333,#VALUE!,#VALUE!,#VALUE!,#VALUE!,#VALUE!,#VALUE!,1.866666667
225,354.637183,425.430322,353.712442,424.798068,354.173106,424.774356,361.997883,431.317113,447.024821,431.706407,NaN,NaN,NaN,NaN,0,0,0,0,354.1742437,425.0009153,447.024821,431.706407,361.997883,431.317113,,-92.85057733,-6.705491667,#VALUE!,#VALUE!,#VALUE!,#VALUE!,#VALUE!,#VALUE!,1.875
226,351.684447,424.694757,350.496893,423.927448,351.316848,424.288925,358.213067,432.069802,443.557351,430.888865,NaN,NaN,NaN,NaN,0,0,0,0,351.1660627,424.30371,443.557351,430.888865,358.213067,432.069802,,-92.39128833,-6.585155,#VALUE!,#VALUE!,#VALUE!,#VALUE!,#VALUE!,#VALUE!,1.883333333
227,348.216468,424.034636,347.212044,423.584477,347.389493,423.803495,356.069147,432.213642,440.401954,430.332936,NaN,NaN,NaN,NaN,0,0,0,0,347.6060017,423.807536,440.401954,430.332936,356.069147,432.213642,,-92.79595233,-6.5254,#VALUE!,#VALUE!,#VALUE!,#VALUE!,#VALUE!,#VALUE!,1.891666667
228,344.907025,423.600841,343.941055,423.056828,344.329217,423.107711,352.955932,432.213642,437.350581,429.809709,NaN,NaN,NaN,NaN,0,0,0,0,344.3924323,423.2551267,437.350581,429.809709,352.955932,432.213642,,-92.95814867,-6.554582333,#VALUE!,#VALUE!,#VALUE!,#VALUE!,#VALUE!,#VALUE!,1.9
229,341.637216,423.204768,340.702246,422.786526,341.302943,422.881177,349.842717,431.353426,433.255733,429.275172,NaN,NaN,NaN,NaN,0,0,0,0,341.214135,422.9574903,433.255733,429.275172,349.842717,431.353426,,-92.041598,-6.317681667,#VALUE!,#VALUE!,#VALUE!,#VALUE!,#VALUE!,#VALUE!,1.908333333
230,338.354079,423.157906,336.987733,422.346819,338.334357,422.49613,344.821403,429.967522,430.442944,428.655051,NaN,NaN,NaN,NaN,0,0,0,0,337.8920563,422.6669517,430.442944,428.655051,344.821403,429.967522,,-92.55088767,-5.988099333,#VALUE!,#VALUE!,#VALUE!,#VALUE!,#VALUE!,#VALUE!,1.916666667
231,335.065921,422.889666,333.753704,422.118171,334.722475,422.366682,338.243481,427.673613,427.009151,427.828223,NaN,NaN,NaN,NaN,0,0,0,0,334.5140333,422.458173,427.009151,427.828223,338.243481,427.673613,,-92.49511767,-5.37005,#VALUE!,#VALUE!,#VALUE!,#VALUE!,#VALUE!,#VALUE!,1.925
232,332.106579,422.7779,330.187032,421.871935,331.337281,422.438598,335.632398,426.335499,424.452071,427.104749,NaN,NaN,NaN,NaN,0,0,0,0,331.2102973,422.362811,424.452071,427.104749,335.632398,426.335499,,-93.24177367,-4.741938,#VALUE!,#VALUE!,#VALUE!,#VALUE!,#VALUE!,#VALUE!,1.933333333
233,328.724474,422.71084,327.525888,421.731229,328.28456,422.03587,332.569396,424.519487,422.150698,426.140116,NaN,NaN,NaN,NaN,0,0,0,0,328.1783073,422.159313,422.150698,426.140116,332.569396,424.519487,,-93.97239067,-3.980803,#VALUE!,#VALUE!,#VALUE!,#VALUE!,#VALUE!,#VALUE!,1.941666667
234,325.318882,422.800253,324.217939,421.871935,324.793578,422.03587,325.690195,420.983043,418.242019,425.106582,NaN,NaN,NaN,NaN,0,0,0,0,324.7767997,422.2360193,418.242019,425.106582,325.690195,420.983043,,-93.46521933,-2.870562667,#VALUE!,#VALUE!,#VALUE!,#VALUE!,#VALUE!,#VALUE!,1.95
235,321.607961,422.800253,320.893644,421.964138,321.619958,422.179701,322.627194,418.259026,414.589047,424.279754,NaN,NaN,NaN,NaN,0,0,0,0,321.3738543,422.3146973,414.589047,424.279754,322.627194,418.259026,,-93.21519267,-1.965056667,#VALUE!,#VALUE!,#VALUE!,#VALUE!,#VALUE!,#VALUE!,1.958333333
236,318.648618,422.666133,318.287257,422.047519,318.234764,422.438598,319.162487,415.535009,411.118724,423.177317,NaN,NaN,NaN,NaN,0,0,0,0,318.390213,422.3840833,411.118724,423.177317,319.162487,415.535009,,-92.728511,-0.793233667,#VALUE!,#VALUE!,#VALUE!,#VALUE!,#VALUE!,#VALUE!,1.966666667
237,315.570175,423.271484,314.979991,422.693726,314.683332,422.683111,316.300338,412.619832,407.538811,422.38494,NaN,NaN,360.028825,429.266483,0,0,0,0,315.0778327,422.8827737,407.538811,422.38494,316.300338,412.619832,,-92.46097833,0.497833667,-43.728487,-16.646651,#VALUE!,#VALUE!,21.14942422,#VALUE!,1.975
238,312.355088,423.827834,311.4318,423.506695,311.321155,423.039227,312.785418,408.892229,404.360726,421.627015,NaN,NaN,NaN,NaN,0,0,0,0,311.702681,423.4579187,404.360726,421.627015,312.785418,408.892229,,-92.658045,1.830903667,#VALUE!,#VALUE!,#VALUE!,#VALUE!,#VALUE!,#VALUE!,1.983333333
239,309.056491,424.761706,308.759705,424.236283,308.21806,423.844682,310.124121,405.069047,401.730586,421.006894,NaN,NaN,NaN,NaN,0,0,0,0,308.6780853,424.2808903,401.730586,421.006894,310.124121,405.069047,,-93.05250067,3.273996333,#VALUE!,#VALUE!,#VALUE!,#VALUE!,#VALUE!,#VALUE!,1.991666667
240,304.797544,425.198838,304.72966,424.965872,304.2015,424.560642,307.844033,401.911057,398.990857,420.662383,NaN,NaN,NaN,NaN,0,0,0,0,304.5762347,424.9084507,398.990857,420.662383,307.844033,401.911057,,-94.41462233,4.246067667,#VALUE!,#VALUE!,#VALUE!,#VALUE!,#VALUE!,#VALUE!,2
241,301.123158,425.814797,300.422907,425.425974,300.441949,425.32359,306.058677,399.02243,395.155237,420.455676,NaN,NaN,NaN,NaN,0,0,0,0,300.6626713,425.5214537,395.155237,420.455676,306.058677,399.02243,,-94.49256567,5.065777667,#VALUE!,#VALUE!,#VALUE!,#VALUE!,#VALUE!,#VALUE!,2.008333333
242,296.551053,426.589712,296.334456,426.537727,295.968158,426.232746,304.675026,396.94092,391.575324,420.59348,NaN,NaN,NaN,NaN,0,0,0,0,296.2845557,426.453395,391.575324,420.59348,304.675026,396.94092,,-95.29076833,5.859915,#VALUE!,#VALUE!,#VALUE!,#VALUE!,#VALUE!,#VALUE!,2.016666667
243,292.037895,427.330703,291.48672,427.056545,291.080423,427.035833,302.6665,395.454127,387.045639,420.317871,NaN,NaN,NaN,NaN,0,0,0,0,291.5350127,427.141027,387.045639,420.317871,302.6665,395.454127,,-95.51062633,6.823156,#VALUE!,#VALUE!,#VALUE!,#VALUE!,#VALUE!,#VALUE!,2.025
244,286.359298,427.86056,285.665544,427.538305,285.598955,427.566806,300.613341,397.153319,380.137185,420.708265,NaN,NaN,NaN,NaN,0,0,0,0,285.874599,427.6552237,380.137185,420.708265,300.613341,397.153319,,-94.262586,6.946958667,#VALUE!,#VALUE!,#VALUE!,#VALUE!,#VALUE!,#VALUE!,2.033333333
245,280.699259,428.725993,280.058525,428.353591,279.817958,428.077193,297.042629,399.192349,374.075958,421.769871,NaN,NaN,NaN,NaN,0,0,0,0,280.191914,428.3855923,374.075958,421.769871,297.042629,399.192349,,-93.884044,6.615721333,#VALUE!,#VALUE!,#VALUE!,#VALUE!,#VALUE!,#VALUE!,2.041666667
246,274.37115,429.255849,273.420383,429.093483,273.572585,428.79314,292.623872,401.613698,368.707443,422.463998,NaN,NaN,NaN,NaN,0,0,0,0,273.7880393,429.0474907,368.707443,422.463998,292.623872,401.613698,,-94.91940367,6.583492667,#VALUE!,#VALUE!,#VALUE!,#VALUE!,#VALUE!,#VALUE!,2.05
247,267.282183,429.043907,267.017306,429.060542,266.679005,428.809103,286.107322,404.417365,364.074933,424.342224,NaN,NaN,NaN,NaN,0,0,0,0,266.9928313,428.971184,364.074933,424.342224,286.107322,404.417365,,-97.08210167,4.62896,#VALUE!,#VALUE!,#VALUE!,#VALUE!,#VALUE!,#VALUE!,2.058333333
248,261.773099,429.536812,261.894844,429.472302,261.613649,428.984699,280.661986,406.456396,358.360062,425.852971,NaN,NaN,NaN,NaN,0,0,0,0,261.7605307,429.331271,358.360062,425.852971,280.661986,406.456396,,-96.59953133,3.4783,#VALUE!,#VALUE!,#VALUE!,#VALUE!,#VALUE!,#VALUE!,2.066666667
249,255.834698,429.60746,255.5956,429.324069,256.128719,429.097097,273.475927,409.812301,353.034841,426.914577,NaN,NaN,NaN,NaN,0,0,0,0,255.8530057,429.3428753,353.034841,426.914577,273.475927,409.812301,,-97.18183533,2.428298333,#VALUE!,#VALUE!,#VALUE!,#VALUE!,#VALUE!,#VALUE!,2.075
250,250.0695,429.442616,250.414975,429.302704,250.850909,429.338319,266.151121,414.119158,345.847957,428.384493,NaN,NaN,NaN,NaN,0,0,0,0,250.445128,429.361213,345.847957,428.384493,266.151121,414.119158,,-95.402829,0.97672,#VALUE!,#VALUE!,#VALUE!,#VALUE!,#VALUE!,#VALUE!,2.083333333
251,244.576478,429.442616,244.615671,429.200221,244.723282,429.508593,260.437981,417.347623,340.869092,429.446099,NaN,NaN,NaN,NaN,0,0,0,0,244.638477,429.38381,340.869092,429.446099,260.437981,417.347623,,-96.230615,-0.062289,#VALUE!,#VALUE!,#VALUE!,#VALUE!,#VALUE!,#VALUE!,2.091666667
