frame ,pt1_cam1_X,pt1_cam1_Y,pt2_cam1_X,pt2_cam1_Y,pt3_cam1_X,pt3_cam1_Y,pt4_cam1_X,pt4_cam1_Y,pt5_cam1_X,pt5_cam1_Y,pt6_cam1_X,pt6_cam1_Y,pt7_cam1_X,pt7_cam1_Y,leftx,lefty,rightx,righty,eyex,eyey,tailx,taily,wristx,wristy,,body vector x,body vector y,wing vec down x,wing vec down y,wing vec up x,wing vec  up y,downangle,upangle,time
0,455.757687,250.926884,456.896326,251.318937,455.708776,250.907507,418.423037,231.022693,381.743398,276.769455,NaN,NaN,NaN,NaN,106.627859,647.487464,1876.219309,605.194521,456.1209297,251.0511093,381.743398,276.769455,418.423037,231.022693,,74.37753167,-25.71834567,#VALUE!,#VALUE!,#VALUE!,#VALUE!,#VALUE!,#VALUE!,0
1,459.200283,251.654984,460.418757,251.784553,460.255862,251.979112,421.303172,232.10472,384.823843,275.404994,NaN,NaN,NaN,NaN,0,0,0,0,459.9583007,251.8062163,384.823843,275.404994,421.303172,232.10472,,75.13445767,-23.59877767,#VALUE!,#VALUE!,#VALUE!,#VALUE!,#VALUE!,#VALUE!,0.008333333
2,463.152892,252.261734,464.087956,251.970799,462.81089,251.773034,424.031721,232.10472,387.954787,274.674033,NaN,NaN,NaN,NaN,0,0,0,0,463.3505793,252.0018557,387.954787,274.674033,424.031721,232.10472,,75.39579233,-22.67217733,#VALUE!,#VALUE!,#VALUE!,#VALUE!,#VALUE!,#VALUE!,0.016666667
3,467.870523,251.654984,468.442073,252.529538,467.141448,251.979112,428.427717,232.393261,390.479741,273.796879,NaN,NaN,NaN,NaN,0,0,0,0,467.8180147,252.0545447,390.479741,273.796879,428.427717,232.393261,,77.33827367,-21.74233433,#VALUE!,#VALUE!,#VALUE!,#VALUE!,#VALUE!,#VALUE!,0.025
4,471.823132,252.261734,471.719891,252.762346,471.688533,251.566956,431.989989,232.176856,394.721665,272.52988,NaN,NaN,NaN,NaN,0,0,0,0,471.743852,252.197012,394.721665,272.52988,431.989989,232.176856,,77.022187,-20.332868,#VALUE!,#VALUE!,#VALUE!,#VALUE!,#VALUE!,#VALUE!,0.033333333
5,475.903245,252.261734,475.38909,252.762346,475.066367,251.979112,434.794331,232.393261,396.792128,272.334957,NaN,NaN,NaN,NaN,0,0,0,0,475.4529007,252.3343973,396.792128,272.334957,434.794331,232.393261,,78.66077267,-20.00055967,#VALUE!,#VALUE!,#VALUE!,#VALUE!,#VALUE!,#VALUE!,0.041666667
6,478.58082,252.261734,478.911521,252.296731,478.704036,251.814249,438.811361,232.826072,401.387546,271.165419,NaN,NaN,NaN,NaN,0,0,0,0,478.7321257,252.124238,401.387546,271.165419,438.811361,232.826072,,77.34457967,-19.041181,#VALUE!,#VALUE!,#VALUE!,#VALUE!,#VALUE!,#VALUE!,0.05
7,483.170947,251.654984,482.825334,252.529538,482.558231,251.773034,442.297841,232.826072,403.458009,270.434458,NaN,NaN,NaN,NaN,0,0,0,0,482.851504,251.985852,403.458009,270.434458,442.297841,232.826072,,79.393495,-18.448606,#VALUE!,#VALUE!,#VALUE!,#VALUE!,#VALUE!,#VALUE!,0.058333333
8,485.848521,252.261734,485.907461,252.296731,485.979372,251.979112,446.314871,232.393261,406.083962,269.94715,NaN,NaN,NaN,NaN,0,0,0,0,485.9117847,252.1791923,406.083962,269.94715,446.314871,232.393261,,79.82782267,-17.76795767,#VALUE!,#VALUE!,#VALUE!,#VALUE!,#VALUE!,#VALUE!,0.066666667
9,489.291116,252.747134,489.772351,251.970799,489.61704,251.814249,449.80135,231.67191,409.113908,268.582689,NaN,NaN,NaN,NaN,0,0,0,0,489.560169,252.177394,409.113908,268.582689,449.80135,231.67191,,80.446261,-16.405295,#VALUE!,#VALUE!,#VALUE!,#VALUE!,#VALUE!,#VALUE!,0.075
10,493.243726,252.261734,492.560943,252.296731,492.765833,251.844703,453.136244,232.393261,412.800342,268.241574,NaN,NaN,NaN,NaN,0,0,0,0,492.856834,252.1343893,412.800342,268.241574,453.136244,232.393261,,80.056492,-16.10718467,#VALUE!,#VALUE!,#VALUE!,#VALUE!,#VALUE!,#VALUE!,0.083333333
11,496.558818,251.654984,496.719369,252.296731,496.187507,251.844703,457.077481,232.10472,415.779789,267.802997,NaN,NaN,NaN,NaN,0,0,0,0,496.4885647,251.9321393,415.779789,267.802997,457.077481,232.10472,,80.70877567,-15.87085767,#VALUE!,#VALUE!,#VALUE!,#VALUE!,#VALUE!,#VALUE!,0.091666667
12,499.819746,251.55846,499.948264,251.784553,499.540749,251.388788,461.094512,231.67191,418.961232,266.877113,NaN,NaN,NaN,NaN,0,0,0,0,499.7695863,251.577267,418.961232,266.877113,461.094512,231.67191,,80.80835433,-15.299846,#VALUE!,#VALUE!,#VALUE!,#VALUE!,#VALUE!,#VALUE!,0.1
13,503.049835,251.55846,503.001179,251.459159,503.373025,251.551615,463.823061,231.022693,422.294172,266.535997,NaN,NaN,NaN,NaN,0,0,0,0,503.1413463,251.523078,422.294172,266.535997,463.823061,231.022693,,80.84717433,-15.012919,#VALUE!,#VALUE!,#VALUE!,#VALUE!,#VALUE!,#VALUE!,0.108333333
14,506.053252,251.55846,505.740848,251.210831,505.699764,250.704914,467.461126,231.311234,425.425116,265.853767,NaN,NaN,NaN,NaN,0,0,0,0,505.831288,251.1580683,425.425116,265.853767,467.461126,231.311234,,80.406172,-14.69569867,#VALUE!,#VALUE!,#VALUE!,#VALUE!,#VALUE!,#VALUE!,0.116666667
15,510.473374,250.965193,510.346715,251.104789,510.147941,251.030568,470.644433,231.67191,428.00057,265.512652,NaN,NaN,NaN,NaN,0,0,0,0,510.3226767,251.0335167,428.00057,265.512652,470.644433,231.67191,,82.32210667,-14.47913533,#VALUE!,#VALUE!,#VALUE!,#VALUE!,#VALUE!,#VALUE!,0.125
16,513.19345,250.42586,513.3618,250.801277,513.946,250.867741,475.722566,231.311234,431.17943,265.023102,NaN,NaN,NaN,NaN,0,0,0,0,513.5004167,250.6982927,431.17943,265.023102,475.722566,231.311234,,82.32098667,-14.32480933,#VALUE!,#VALUE!,#VALUE!,#VALUE!,#VALUE!,#VALUE!,0.133333333
17,516.990221,250.42586,516.579824,250.801277,517.025507,250.346695,478.905873,231.311234,434.979955,264.445552,NaN,NaN,NaN,NaN,0,0,0,0,516.865184,250.5246107,434.979955,264.445552,478.905873,231.311234,,81.885229,-13.92094133,#VALUE!,#VALUE!,#VALUE!,#VALUE!,#VALUE!,#VALUE!,0.141666667
18,520.333647,250.42586,519.884821,250.221844,519.489113,250.183868,482.461027,230.281395,438.780479,264.24341,NaN,NaN,NaN,NaN,0,0,0,0,519.902527,250.2771907,438.780479,264.24341,482.461027,230.281395,,81.122048,-13.96621933,#VALUE!,#VALUE!,#VALUE!,#VALUE!,#VALUE!,#VALUE!,0.15
19,523.053723,250.156193,523.131836,250.221844,523.287172,249.793083,486.099093,230.281395,441.17451,263.839125,NaN,NaN,NaN,NaN,0,0,0,0,523.157577,250.05704,441.17451,263.839125,486.099093,230.281395,,81.983067,-13.782085,#VALUE!,#VALUE!,#VALUE!,#VALUE!,#VALUE!,#VALUE!,0.158333333
20,527.190504,249.61686,526.929684,249.752779,527.393182,249.662822,489.198185,230.537876,444.376527,263.174943,NaN,NaN,NaN,NaN,0,0,0,0,527.1711233,249.677487,444.376527,263.174943,489.198185,230.537876,,82.79459633,-13.497456,#VALUE!,#VALUE!,#VALUE!,#VALUE!,#VALUE!,#VALUE!,0.166666667
21,530.477262,249.61686,530.203332,249.744656,530.40691,249.135156,492.768879,229.896674,447.847872,263.088311,NaN,NaN,NaN,NaN,0,0,0,0,530.3625013,249.4988907,447.847872,263.088311,492.768879,229.896674,,82.51462933,-13.58942033,#VALUE!,#VALUE!,#VALUE!,#VALUE!,#VALUE!,#VALUE!,0.175
22,532.857328,249.29326,532.831867,249.156025,532.323048,249.352259,496.272201,229.576074,450.571083,263.030556,NaN,NaN,NaN,NaN,0,0,0,0,532.6707477,249.2671813,450.571083,263.030556,496.272201,229.576074,,82.09966467,-13.76337467,#VALUE!,#VALUE!,#VALUE!,#VALUE!,#VALUE!,#VALUE!,0.183333333
23,536.710768,249.023593,536.697361,248.567395,536.429057,248.61411,499.506037,229.896674,453.623473,262.712903,NaN,NaN,NaN,NaN,0,0,0,0,536.6123953,248.7350327,453.623473,262.712903,499.506037,229.896674,,82.98892233,-13.97787033,#VALUE!,#VALUE!,#VALUE!,#VALUE!,#VALUE!,#VALUE!,0.191666667
24,539.657516,249.023593,539.132622,248.972078,539.303264,248.223325,503.076731,229.896674,457.304296,261.904334,NaN,NaN,NaN,NaN,0,0,0,0,539.3644673,248.7396653,457.304296,261.904334,503.076731,229.896674,,82.06017133,-13.16466867,#VALUE!,#VALUE!,#VALUE!,#VALUE!,#VALUE!,#VALUE!,0.2
25,542.944274,248.376393,542.766187,248.199501,542.633695,248.266746,506.512681,229.576074,461.194597,261.384539,NaN,NaN,NaN,NaN,0,0,0,0,542.7813853,248.28088,461.194597,261.384539,506.512681,229.576074,,81.58678833,-13.103659,#VALUE!,#VALUE!,#VALUE!,#VALUE!,#VALUE!,#VALUE!,0.208333333
26,545.94769,248.376393,546.167821,248.199501,545.736013,247.78912,509.746517,229.191353,464.516315,260.980254,NaN,NaN,NaN,NaN,0,0,0,0,545.950508,248.1216713,464.516315,260.980254,509.746517,229.191353,,81.434193,-12.85858267,#VALUE!,#VALUE!,#VALUE!,#VALUE!,#VALUE!,#VALUE!,0.216666667
27,550.084472,247.890993,549.685421,247.610871,549.568289,247.702279,512.576124,229.191353,467.568705,260.69148,NaN,NaN,NaN,NaN,0,0,0,0,549.779394,247.7347143,467.568705,260.69148,512.576124,229.191353,,82.210689,-12.95676567,#VALUE!,#VALUE!,#VALUE!,#VALUE!,#VALUE!,#VALUE!,0.225
28,553.654571,247.621326,553.705534,247.426924,552.260007,248.006222,517.494249,228.550152,469.633557,260.489337,NaN,NaN,NaN,NaN,0,0,0,0,553.206704,247.684824,469.633557,260.489337,517.494249,228.550152,,83.573147,-12.804513,#VALUE!,#VALUE!,#VALUE!,#VALUE!,#VALUE!,#VALUE!,0.233333333
29,557.22467,247.890993,556.566,247.610871,555.134213,248.440428,520.054369,228.934872,472.906358,260.085865,NaN,NaN,NaN,NaN,0,0,0,0,556.3082943,247.980764,472.906358,260.085865,520.054369,228.934872,,83.40193633,-12.105101,#VALUE!,#VALUE!,#VALUE!,#VALUE!,#VALUE!,#VALUE!,0.241666667
30,559.888077,247.567393,559.349673,247.46359,558.875245,247.528597,522.479746,229.896674,476.240268,259.794951,NaN,NaN,NaN,NaN,0,0,0,0,559.3709983,247.51986,476.240268,259.794951,522.479746,229.896674,,83.13073033,-12.275091,#VALUE!,#VALUE!,#VALUE!,#VALUE!,#VALUE!,#VALUE!,0.25
31,562.609279,247.387714,562.235908,247.234678,562.525031,247.354914,525.713582,230.281395,479.130839,259.452699,NaN,NaN,NaN,NaN,0,0,0,0,562.4567393,247.3257687,479.130839,259.452699,525.713582,230.281395,,83.32590033,-12.12693033,#VALUE!,#VALUE!,#VALUE!,#VALUE!,#VALUE!,#VALUE!,0.258333333
32,566.084931,247.387714,565.362663,247.46359,565.246094,247.030429,528.543188,230.281395,480.049308,259.014945,NaN,NaN,NaN,NaN,0,0,0,0,565.5645627,247.293911,480.049308,259.014945,528.543188,230.281395,,85.51525467,-11.721034,#VALUE!,#VALUE!,#VALUE!,#VALUE!,#VALUE!,#VALUE!,0.266666667
33,568.704263,247.387714,568.042739,246.776854,568.490348,246.653045,531.372794,231.627918,483.808824,258.672693,NaN,NaN,NaN,NaN,0,0,0,0,568.41245,246.9392043,483.808824,258.672693,531.372794,231.627918,,84.603626,-11.73348867,#VALUE!,#VALUE!,#VALUE!,#VALUE!,#VALUE!,#VALUE!,0.275
34,571.122107,246.620662,571.410014,246.417136,571.338083,246.275662,534.471887,232.269119,487.260958,258.353258,NaN,NaN,NaN,NaN,0,0,0,0,571.290068,246.43782,487.260958,258.353258,534.471887,232.269119,,84.02911,-11.915438,#VALUE!,#VALUE!,#VALUE!,#VALUE!,#VALUE!,#VALUE!,0.283333333
35,573.691067,246.380958,574.021369,245.7304,573.969534,246.275662,537.975209,232.58972,490.523933,258.05664,NaN,NaN,NaN,NaN,0,0,0,0,573.89399,246.1290067,490.523933,258.05664,537.975209,232.58972,,83.370057,-11.92763333,#VALUE!,#VALUE!,#VALUE!,#VALUE!,#VALUE!,#VALUE!,0.291666667
36,577.166719,245.134499,577.766604,245.403384,577.754498,245.555203,541.141665,232.66792,493.56145,257.577608,NaN,NaN,NaN,NaN,0,0,0,0,577.562607,245.364362,493.56145,257.577608,541.141665,232.66792,,84.001157,-12.213246,#VALUE!,#VALUE!,#VALUE!,#VALUE!,#VALUE!,#VALUE!,0.3
37,581.649806,244.607151,580.996438,244.880157,580.926658,244.834744,543.656871,233.693842,496.566961,257.35451,NaN,NaN,NaN,NaN,0,0,0,0,581.1909673,244.7740173,496.566961,257.35451,543.656871,233.693842,,84.62400633,-12.58049267,#VALUE!,#VALUE!,#VALUE!,#VALUE!,#VALUE!,#VALUE!,0.308333333
38,584.31951,244.079802,583.745234,244.487737,583.774393,244.423053,548.447739,233.864829,499.068051,257.334229,NaN,NaN,NaN,NaN,0,0,0,0,583.946379,244.3301973,499.068051,257.334229,548.447739,233.864829,,84.878328,-13.00403167,#VALUE!,#VALUE!,#VALUE!,#VALUE!,#VALUE!,#VALUE!,0.316666667
39,586.686983,243.360691,587.353028,243.343178,587.198884,243.702593,551.921118,235.745686,502.010509,257.35451,NaN,NaN,NaN,NaN,0,0,0,0,587.0796317,243.4688207,502.010509,257.35451,551.921118,235.745686,,85.06912267,-13.88568933,#VALUE!,#VALUE!,#VALUE!,#VALUE!,#VALUE!,#VALUE!,0.325
40,590.918211,242.593639,590.617223,243.114266,590.046618,243.050749,555.693926,237.227574,504.469563,257.395073,NaN,NaN,NaN,NaN,0,0,0,0,590.5273507,242.9195513,504.469563,257.395073,555.693926,237.227574,,86.05778767,-14.47552167,#VALUE!,#VALUE!,#VALUE!,#VALUE!,#VALUE!,#VALUE!,0.333333333
41,594.091633,241.586884,594.396817,241.609988,593.831582,242.295983,559.466735,240.191348,506.865565,257.455918,NaN,NaN,NaN,NaN,0,0,0,0,594.1066773,241.8309517,506.865565,257.455918,559.466735,240.191348,,87.24111233,-15.62496633,#VALUE!,#VALUE!,#VALUE!,#VALUE!,#VALUE!,#VALUE!,0.341666667
42,597.265054,241.059535,597.248693,241.086762,597.183979,241.06091,564.137831,241.046283,509.513777,257.395073,NaN,NaN,NaN,NaN,0,0,0,0,597.2325753,241.069069,509.513777,257.395073,564.137831,241.046283,,87.71879833,-16.326004,#VALUE!,#VALUE!,#VALUE!,#VALUE!,#VALUE!,#VALUE!,0.35
43,600.438475,239.765135,600.341088,240.236518,600.284044,240.134605,567.91064,242.243192,512.771499,257.374792,NaN,NaN,NaN,NaN,0,0,0,0,600.3545357,240.0454193,512.771499,257.374792,567.91064,242.243192,,87.58303667,-17.32937267,#VALUE!,#VALUE!,#VALUE!,#VALUE!,#VALUE!,#VALUE!,0.358333333
44,603.914127,238.566616,603.948882,239.026556,603.672488,238.899532,572.282307,242.870145,515.461746,257.35451,517.691461,230.553008,NaN,NaN,0,0,0,0,603.8451657,238.8309013,515.461746,257.35451,572.282307,242.870145,,88.38341967,-18.52360867,#VALUE!,#VALUE!,54.590846,12.317137,#VALUE!,24.55140128,0.366666667
45,606.986805,238.087209,607.400087,238.366677,606.700459,237.767382,576.055115,243.554093,518.109958,257.171976,NaN,NaN,NaN,NaN,0,0,0,0,607.029117,238.073756,518.109958,257.171976,576.055115,243.554093,,88.919159,-19.09822,#VALUE!,#VALUE!,#VALUE!,#VALUE!,#VALUE!,#VALUE!,0.375
46,610.26097,236.792809,610.199409,237.17237,609.944714,236.909693,581.744271,247.030828,519.668081,256.387822,NaN,NaN,NaN,NaN,0,0,0,0,610.135031,236.9582907,519.668081,256.387822,581.744271,247.030828,,90.46695,-19.42953133,#VALUE!,#VALUE!,#VALUE!,#VALUE!,#VALUE!,#VALUE!,0.383333333
47,612.880301,235.306645,612.974599,235.47278,613.333158,235.297237,584.858335,247.372802,523.927639,256.21956,NaN,NaN,NaN,NaN,0,0,0,0,613.062686,235.3588873,523.927639,256.21956,584.858335,247.372802,,89.135047,-20.86067267,#VALUE!,#VALUE!,#VALUE!,#VALUE!,#VALUE!,#VALUE!,0.391666667
48,616.053723,234.29989,615.508468,234.140669,616.12598,234.025151,590.248061,245.833919,527.838462,255.714774,NaN,NaN,NaN,NaN,0,0,0,0,615.896057,234.1552367,527.838462,255.714774,590.248061,245.833919,,88.057595,-21.55953733,#VALUE!,#VALUE!,#VALUE!,#VALUE!,#VALUE!,#VALUE!,0.4
49,619.479003,233.293134,619.417867,233.910994,619.230496,233.184827,594.320299,245.605937,530.802716,255.089801,NaN,NaN,NaN,NaN,0,0,0,0,619.3757887,233.462985,530.802716,255.089801,594.320299,245.605937,,88.57307267,-21.626816,#VALUE!,#VALUE!,#VALUE!,#VALUE!,#VALUE!,#VALUE!,0.408333333
50,621.846476,231.998734,622.193057,232.211404,621.793857,232.317396,599.710025,245.263963,532.521485,254.464828,NaN,NaN,NaN,NaN,0,0,0,0,621.9444633,232.1758447,532.521485,254.464828,599.710025,245.263963,,89.42297833,-22.28898333,#VALUE!,#VALUE!,#VALUE!,#VALUE!,#VALUE!,#VALUE!,0.416666667
51,624.516179,230.752274,624.220152,230.879293,623.90151,230.745177,603.482834,244.409028,535.560468,253.79178,NaN,NaN,NaN,NaN,0,0,0,0,624.2126137,230.792248,535.560468,253.79178,603.482834,244.409028,,88.65214567,-22.999532,#VALUE!,#VALUE!,#VALUE!,#VALUE!,#VALUE!,#VALUE!,0.425
52,627.135511,229.457874,627.019474,229.776856,626.892099,229.471138,605.638724,244.978984,537.702702,253.647555,NaN,NaN,NaN,NaN,0,0,0,0,627.0156947,229.5686227,537.702702,253.647555,605.638724,244.978984,,89.31299267,-24.07893233,#VALUE!,#VALUE!,#VALUE!,#VALUE!,#VALUE!,#VALUE!,0.433333333
53,629.251125,228.259355,629.456815,228.605516,629.142161,228.332635,608.15393,244.409028,540.143853,253.142769,NaN,NaN,NaN,NaN,0,0,0,0,629.283367,228.3991687,540.143853,253.142769,608.15393,244.409028,,89.139514,-24.74360033,#VALUE!,#VALUE!,#VALUE!,#VALUE!,#VALUE!,#VALUE!,0.441666667
54,632.424547,227.2526,632.111345,227.365275,631.961859,226.950166,609.543724,242.292042,542.958649,252.301459,NaN,NaN,NaN,NaN,0,0,0,0,632.165917,227.189347,542.958649,252.301459,609.543724,242.292042,,89.207268,-25.112112,#VALUE!,#VALUE!,#VALUE!,#VALUE!,#VALUE!,#VALUE!,0.45
55,634.842392,226.245844,634.765875,226.308773,634.525221,226.353807,612.897332,240.164203,544.659942,250.891272,NaN,NaN,NaN,NaN,0,0,0,0,634.7111627,226.302808,544.659942,250.891272,612.897332,240.164203,,90.05122067,-24.588464,#VALUE!,#VALUE!,#VALUE!,#VALUE!,#VALUE!,#VALUE!,0.458333333
56,637.66321,225.430851,637.364099,226.23062,637.487328,225.486376,619.072228,238.340342,548.069803,249.972508,NaN,NaN,NaN,NaN,0,0,0,0,637.504879,225.715949,548.069803,249.972508,619.072228,238.340342,,89.435076,-24.256559,#VALUE!,#VALUE!,#VALUE!,#VALUE!,#VALUE!,#VALUE!,0.466666667
57,639.829196,225.239088,640.066893,225.740648,639.594981,225.215304,622.745227,235.148585,550.660412,249.075111,NaN,NaN,NaN,NaN,0,0,0,0,639.8303567,225.3983467,550.660412,249.075111,622.745227,235.148585,,89.16994467,-23.67676433,#VALUE!,#VALUE!,#VALUE!,#VALUE!,#VALUE!,#VALUE!,0.475
58,642.150092,224.784722,642.319221,225.097559,642.129861,225.215304,623.543705,232.71677,554.136699,247.579448,NaN,NaN,NaN,NaN,0,0,0,0,642.1997247,225.0325283,554.136699,247.579448,623.543705,232.71677,,88.06302567,-22.54691967,#VALUE!,#VALUE!,#VALUE!,#VALUE!,#VALUE!,#VALUE!,0.483333333
59,644.523162,224.145512,644.635901,224.791327,644.095105,224.646052,625.09633,227.495266,556.705165,246.596585,NaN,NaN,NaN,NaN,0,0,0,0,644.418056,224.5276303,556.705165,246.596585,625.09633,227.495266,,87.712891,-22.06895467,#VALUE!,#VALUE!,#VALUE!,#VALUE!,#VALUE!,#VALUE!,0.491666667
60,647.34398,223.506302,647.209991,224.454471,647.085693,224.347873,625.877064,223.915093,559.459813,245.586371,NaN,NaN,NaN,NaN,0,0,0,0,647.2132213,224.102882,559.459813,245.586371,625.877064,223.915093,,87.75340833,-21.483489,#VALUE!,#VALUE!,#VALUE!,#VALUE!,#VALUE!,#VALUE!,0.5
61,650.164799,223.463688,650.041489,224.331978,649.762982,224.347873,628.006339,221.348177,561.792463,244.655971,NaN,NaN,NaN,NaN,0,0,0,0,649.9897567,224.0478463,561.792463,244.655971,628.006339,221.348177,,88.19729367,-20.60812467,#VALUE!,#VALUE!,#VALUE!,#VALUE!,#VALUE!,#VALUE!,0.508333333
62,652.493094,223.847214,652.615578,224.301355,652.468753,224.510516,629.283903,221.348177,564.249522,243.965675,NaN,NaN,NaN,NaN,0,0,0,0,652.5258083,224.219695,564.249522,243.965675,629.283903,221.348177,,88.27628633,-19.74598,#VALUE!,#VALUE!,#VALUE!,#VALUE!,#VALUE!,#VALUE!,0.516666667
63,655.806437,223.847214,655.447077,224.454471,655.288451,224.347873,634.039283,213.985182,566.426662,243.695559,NaN,NaN,585.669715,247.075355,0,0,0,0,655.5139883,224.2165193,566.426662,243.695559,634.039283,213.985182,,89.08732633,-19.47903967,48.369568,-33.090173,#VALUE!,#VALUE!,22.04279812,#VALUE!,0.525
64,658.358607,224.529038,658.342927,224.576964,658.563857,224.347873,640.001252,209.256652,568.043966,244.145752,NaN,NaN,NaN,NaN,0,0,0,0,658.421797,224.484625,568.043966,244.145752,640.001252,209.256652,,90.377831,-19.661127,#VALUE!,#VALUE!,#VALUE!,#VALUE!,#VALUE!,#VALUE!,0.533333333
65,661.448075,224.358582,661.077897,224.791327,661.582928,224.754481,641.136865,209.391753,569.785678,244.475894,NaN,NaN,NaN,NaN,0,0,0,0,661.3696333,224.6347967,569.785678,244.475894,641.136865,209.391753,,91.58395533,-19.84109733,#VALUE!,#VALUE!,#VALUE!,#VALUE!,#VALUE!,#VALUE!,0.541666667
66,665.119617,225.040406,665.292969,224.944443,664.914471,225.139494,642.272479,208.310946,572.149431,244.595946,NaN,NaN,NaN,NaN,0,0,0,0,665.109019,225.0414477,572.149431,244.595946,642.272479,208.310946,,92.959588,-19.55449833,#VALUE!,#VALUE!,#VALUE!,#VALUE!,#VALUE!,#VALUE!,0.55
67,668.25386,225.423932,668.156643,225.587531,668.275088,225.139494,643.762971,206.554635,576.472609,244.685984,NaN,NaN,NaN,NaN,0,0,0,0,668.2285303,225.3836523,576.472609,244.685984,643.762971,206.554635,,91.75592133,-19.30233167,#VALUE!,#VALUE!,#VALUE!,#VALUE!,#VALUE!,#VALUE!,0.558333333
68,671.746303,225.9353,671.603353,225.626649,671.795735,225.710642,646.389076,205.000976,579.438678,244.739282,NaN,NaN,NaN,NaN,0,0,0,0,671.7151303,225.7575303,579.438678,244.739282,646.389076,205.000976,,92.27645233,-18.98175167,#VALUE!,#VALUE!,#VALUE!,#VALUE!,#VALUE!,#VALUE!,0.566666667
69,676.716317,226.14837,676.608527,226.443269,676.436588,226.16756,650.905661,205.655464,583.42751,244.986889,NaN,NaN,NaN,NaN,0,0,0,0,676.587144,226.2530663,583.42751,244.986889,650.905661,205.655464,,93.159634,-18.73382267,#VALUE!,#VALUE!,#VALUE!,#VALUE!,#VALUE!,#VALUE!,0.575
70,680.701283,227.21372,680.612666,227.368772,680.397316,227.309857,653.303067,206.616181,587.980351,244.655971,NaN,NaN,NaN,NaN,0,0,0,0,680.5704217,227.2974497,587.980351,244.655971,653.303067,206.616181,,92.59007067,-17.35852133,#VALUE!,#VALUE!,#VALUE!,#VALUE!,#VALUE!,#VALUE!,0.583333333
71,684.641475,228.108614,684.559603,228.348716,684.238022,228.109464,655.574293,207.576898,591.712591,244.74601,NaN,NaN,NaN,NaN,0,0,0,0,684.4797,228.1889313,591.712591,244.74601,655.574293,207.576898,,92.767109,-16.55707867,#VALUE!,#VALUE!,#VALUE!,#VALUE!,#VALUE!,#VALUE!,0.591666667
72,689.34284,228.619982,689.650579,229.301439,689.278949,229.13753,658.854953,208.47757,595.818056,244.806036,NaN,NaN,NaN,NaN,0,0,0,0,689.4241227,229.0196503,595.818056,244.806036,658.854953,208.47757,,93.60606667,-15.78638567,#VALUE!,#VALUE!,#VALUE!,#VALUE!,#VALUE!,#VALUE!,0.6
73,693.417356,229.727946,693.826325,229.873073,693.479721,229.746755,664.533019,209.438288,600.825804,245.545792,NaN,NaN,NaN,NaN,0,0,0,0,693.5744673,229.7825913,600.825804,245.545792,664.533019,209.438288,,92.74866333,-15.76320067,#VALUE!,#VALUE!,#VALUE!,#VALUE!,#VALUE!,#VALUE!,0.608333333
74,698.29782,230.793296,698.345281,230.635252,698.280603,231.155587,667.813679,209.738512,604.44746,246.292779,NaN,NaN,NaN,NaN,0,0,0,0,698.3079013,230.8613783,604.44746,246.292779,667.813679,209.738512,,93.86044133,-15.43140067,#VALUE!,#VALUE!,#VALUE!,#VALUE!,#VALUE!,#VALUE!,0.616666667
75,703.267835,231.68819,703.436258,232.023506,702.881448,231.955194,673.176296,209.738512,609.036733,246.346135,NaN,NaN,NaN,NaN,0,0,0,0,703.1951803,231.8889633,609.036733,246.346135,673.176296,209.738512,,94.15844733,-14.45717167,#VALUE!,#VALUE!,#VALUE!,#VALUE!,#VALUE!,#VALUE!,0.625
76,707.777729,232.740606,707.5262,232.785685,707.762346,233.173643,678.160376,209.738512,613.266606,246.266101,NaN,NaN,NaN,NaN,0,0,0,0,707.6887583,232.899978,613.266606,246.266101,678.160376,209.738512,,94.42215233,-13.366123,#VALUE!,#VALUE!,#VALUE!,#VALUE!,#VALUE!,#VALUE!,0.633333333
77,712.208787,233.649705,712.017219,233.678644,711.883103,234.163633,683.396815,211.239632,618.104696,245.732538,NaN,NaN,NaN,NaN,0,0,0,0,712.0363697,233.8306607,618.104696,245.732538,683.396815,211.239632,,93.93167367,-11.90187733,#VALUE!,#VALUE!,#VALUE!,#VALUE!,#VALUE!,#VALUE!,0.641666667
78,716.799043,234.533551,716.822185,234.864255,716.083875,235.344006,688.002357,211.239632,623.108663,245.385723,NaN,NaN,NaN,NaN,0,0,0,0,716.5683677,234.9139373,623.108663,245.385723,688.002357,211.239632,,93.45970467,-10.47178567,#VALUE!,#VALUE!,#VALUE!,#VALUE!,#VALUE!,#VALUE!,0.65
79,721.097434,235.467902,720.432266,235.372375,720.49919,235.416728,691.977003,212.260394,626.549214,245.43161,NaN,NaN,NaN,NaN,0,0,0,0,720.6762967,235.4190017,626.549214,245.43161,691.977003,212.260394,,94.12708267,-10.01260833,#VALUE!,#VALUE!,#VALUE!,#VALUE!,#VALUE!,#VALUE!,0.658333333
80,725.448891,236.301242,725.237233,236.388613,725.122261,236.364411,696.330186,212.020215,630.726866,245.336754,NaN,NaN,NaN,NaN,0,0,0,0,725.2694617,236.351422,630.726866,245.336754,696.330186,212.020215,,94.54259567,-8.985332,#VALUE!,#VALUE!,#VALUE!,#VALUE!,#VALUE!,#VALUE!,0.666666667
81,729.747282,237.210341,729.076122,236.896732,729.105216,237.041327,699.926295,213.761514,634.683348,245.502752,NaN,NaN,NaN,NaN,0,0,0,0,729.30954,237.0494667,634.683348,245.502752,699.926295,213.761514,,94.626192,-8.453285333,#VALUE!,#VALUE!,#VALUE!,#VALUE!,#VALUE!,#VALUE!,0.675
82,733.829974,237.614003,733.245511,237.525832,733.408229,237.379785,704.658016,215.022456,639.008446,245.668749,NaN,NaN,NaN,NaN,0,0,0,0,733.4945713,237.50654,639.008446,245.668749,704.658016,215.022456,,94.48612533,-8.162209,#VALUE!,#VALUE!,#VALUE!,#VALUE!,#VALUE!,#VALUE!,0.683333333
83,737.918064,238.06294,737.618285,238.421089,737.462307,237.887472,707.875587,216.283397,642.498015,246.000743,NaN,NaN,NaN,NaN,0,0,0,0,737.6662187,238.1238337,642.498015,246.000743,707.875587,216.283397,,95.16820367,-7.876909333,#VALUE!,#VALUE!,#VALUE!,#VALUE!,#VALUE!,#VALUE!,0.691666667
84,741.754579,238.571736,741.660559,238.54207,741.409699,238.462851,712.63522,217.328984,646.675666,245.929602,NaN,NaN,NaN,NaN,0,0,0,0,741.608279,238.5255523,646.675666,245.929602,712.63522,217.328984,,94.932613,-7.404049667,#VALUE!,#VALUE!,#VALUE!,#VALUE!,#VALUE!,#VALUE!,0.7
85,746.062797,239.499541,745.372774,238.786046,745.49934,239.173613,716.785115,217.328984,651.393956,246.261596,NaN,NaN,NaN,NaN,0,0,0,0,745.6449703,239.1530667,651.393956,246.261596,716.785115,217.328984,,94.25101433,-7.108529333,#VALUE!,#VALUE!,#VALUE!,#VALUE!,#VALUE!,#VALUE!,0.708333333
86,749.867865,239.948478,749.508266,239.334492,749.837915,239.308996,720.93501,217.062118,655.918725,246.475625,NaN,NaN,NaN,NaN,0,0,0,0,749.7380153,239.5306553,655.918725,246.475625,720.93501,217.062118,,93.81929033,-6.944969667,#VALUE!,#VALUE!,#VALUE!,#VALUE!,#VALUE!,#VALUE!,0.716666667
87,753.61004,239.948478,753.575963,239.689369,753.927555,239.884375,725.028825,216.795252,660.746234,246.833968,NaN,NaN,NaN,NaN,0,0,0,0,753.7045193,239.8407407,660.746234,246.833968,725.028825,216.795252,,92.95828533,-6.993227333,#VALUE!,#VALUE!,#VALUE!,#VALUE!,#VALUE!,#VALUE!,0.725
88,757.572342,240.128053,757.50807,240.14103,757.839386,240.392062,729.403039,217.59585,663.826229,246.728573,NaN,NaN,NaN,NaN,0,0,0,0,757.6399327,240.2203817,663.826229,246.728573,729.403039,217.59585,,93.81370367,-6.508191333,#VALUE!,#VALUE!,#VALUE!,#VALUE!,#VALUE!,#VALUE!,0.733333333
89,761.912007,240.397416,761.440177,239.979722,761.395595,240.188987,733.889412,217.809343,668.522674,246.475625,NaN,NaN,NaN,NaN,0,0,0,0,761.582593,240.1887083,668.522674,246.475625,733.889412,217.809343,,93.059919,-6.286916667,#VALUE!,#VALUE!,#VALUE!,#VALUE!,#VALUE!,#VALUE!,0.741666667
90,765.96865,240.277699,765.677361,240.366861,765.698608,240.764366,737.42243,218.449821,673.437559,246.602099,NaN,NaN,NaN,NaN,0,0,0,0,765.7815397,240.469642,673.437559,246.602099,737.42243,218.449821,,92.34398067,-6.132457,#VALUE!,#VALUE!,#VALUE!,#VALUE!,#VALUE!,#VALUE!,0.75
91,769.679378,240.756566,769.609468,240.818522,769.669254,240.86127,741.179768,218.716687,677.120901,246.296339,NaN,NaN,NaN,NaN,0,0,0,0,769.6527,240.8121193,677.120901,246.296339,741.179768,218.716687,,92.531799,-5.484219667,#VALUE!,#VALUE!,#VALUE!,#VALUE!,#VALUE!,#VALUE!,0.758333333
92,773.64168,241.205503,773.288139,240.468233,773.209658,241.222292,745.553981,219.303791,681.430157,246.469604,NaN,NaN,NaN,NaN,0,0,0,0,773.3798257,240.9653427,681.430157,246.469604,745.553981,219.303791,,91.94966867,-5.504261333,#VALUE!,#VALUE!,#VALUE!,#VALUE!,#VALUE!,#VALUE!,0.766666667
93,777.258068,241.025928,777.537738,240.468233,777.466572,240.821157,749.423478,219.303791,685.425197,246.296339,NaN,NaN,NaN,NaN,0,0,0,0,777.4207927,240.7717727,685.425197,246.296339,749.423478,219.303791,,91.99559567,-5.524566333,#VALUE!,#VALUE!,#VALUE!,#VALUE!,#VALUE!,#VALUE!,0.775
94,781.218507,240.848091,780.787432,240.63817,781.217714,240.981611,753.909851,219.570657,689.487568,246.382971,NaN,NaN,NaN,NaN,0,0,0,0,781.074551,240.822624,689.487568,246.382971,753.909851,219.570657,,91.586983,-5.560347,#VALUE!,#VALUE!,#VALUE!,#VALUE!,#VALUE!,#VALUE!,0.783333333
95,784.740554,240.981109,784.679922,241.181969,784.547379,240.981611,757.667188,219.837523,692.023745,246.51292,NaN,NaN,NaN,NaN,0,0,0,0,784.6559517,241.0482297,692.023745,246.51292,757.667188,219.837523,,92.63220667,-5.464690333,#VALUE!,#VALUE!,#VALUE!,#VALUE!,#VALUE!,#VALUE!,0.791666667
96,788.681892,240.848091,788.465279,240.77412,788.087783,240.821157,761.761003,220.051016,695.704568,246.599552,NaN,NaN,NaN,NaN,0,0,0,0,788.4116513,240.814456,695.704568,246.599552,761.761003,220.051016,,92.70708333,-5.785096,#VALUE!,#VALUE!,#VALUE!,#VALUE!,#VALUE!,#VALUE!,0.8
97,791.924411,240.661865,791.822105,240.468233,791.628187,240.821157,765.36711,220.694928,699.946492,246.599552,NaN,NaN,NaN,NaN,0,0,0,0,791.7915677,240.6504183,699.946492,246.599552,765.36711,220.694928,,91.84507567,-5.949133667,#VALUE!,#VALUE!,#VALUE!,#VALUE!,#VALUE!,#VALUE!,0.808333333
98,796.033466,240.848091,795.536041,240.468233,795.337181,241.222292,769.255299,220.694928,703.357987,246.686185,NaN,NaN,NaN,NaN,0,0,0,0,795.6355627,240.8462053,703.357987,246.686185,769.255299,220.694928,,92.27757567,-5.839979667,#VALUE!,#VALUE!,#VALUE!,#VALUE!,#VALUE!,#VALUE!,0.816666667
99,799.275985,240.528846,799.142844,240.230321,798.877585,240.821157,773.293035,221.169356,706.456287,246.844077,NaN,NaN,NaN,NaN,0,0,0,0,799.0988047,240.5267747,706.456287,246.844077,773.293035,221.169356,,92.64251767,-6.317302333,#VALUE!,#VALUE!,#VALUE!,#VALUE!,#VALUE!,#VALUE!,0.825
100,802.937795,240.449035,803.035334,240.230321,802.670875,240.379908,776.63289,221.691227,710.306688,246.99809,NaN,NaN,NaN,NaN,0,0,0,0,802.8813347,240.353088,710.306688,246.99809,776.63289,221.691227,,92.57464667,-6.645002,#VALUE!,#VALUE!,#VALUE!,#VALUE!,#VALUE!,#VALUE!,0.833333333
101,806.292126,240.422431,806.035051,239.958421,805.789802,240.379908,780.620777,221.691227,713.638381,247.209858,NaN,NaN,NaN,NaN,0,0,0,0,806.038993,240.2535867,713.638381,247.209858,780.620777,221.691227,,92.400612,-6.956271333,#VALUE!,#VALUE!,#VALUE!,#VALUE!,#VALUE!,#VALUE!,0.841666667
102,809.506692,240.661865,809.641854,240.060383,809.498796,240.139226,783.761238,221.359127,717.049876,247.209858,NaN,NaN,NaN,NaN,0,0,0,0,809.549114,240.287158,717.049876,247.209858,783.761238,221.359127,,92.499238,-6.9227,#VALUE!,#VALUE!,#VALUE!,#VALUE!,#VALUE!,#VALUE!,0.85
103,813.028739,240.528846,812.427305,240.128358,812.406985,239.738091,788.147914,221.359127,719.803012,247.402375,NaN,NaN,NaN,NaN,0,0,0,0,812.6210097,240.131765,719.803012,247.402375,788.147914,221.359127,,92.81799767,-7.27061,#VALUE!,#VALUE!,#VALUE!,#VALUE!,#VALUE!,#VALUE!,0.858333333
104,816.886219,240.422431,816.212663,239.924434,816.158127,239.738091,791.886558,221.359127,722.795551,247.594891,NaN,NaN,NaN,NaN,0,0,0,0,816.419003,240.0283187,722.795551,247.594891,791.886558,221.359127,,93.623452,-7.566572333,#VALUE!,#VALUE!,#VALUE!,#VALUE!,#VALUE!,#VALUE!,0.866666667
105,819.681494,240.103187,819.319513,239.924434,819.234907,239.537523,795.276262,221.359127,726.626001,247.671898,NaN,NaN,NaN,NaN,0,0,0,0,819.4119713,239.855048,726.626001,247.671898,795.276262,221.359127,,92.78597033,-7.81685,#VALUE!,#VALUE!,#VALUE!,#VALUE!,#VALUE!,#VALUE!,0.875
106,823.007871,239.970168,822.533495,239.516584,822.60672,239.738091,798.915209,221.691227,729.339236,247.671898,NaN,NaN,NaN,NaN,0,0,0,0,822.7160287,239.7416143,729.339236,247.671898,798.915209,221.691227,,93.37679267,-7.930283667,#VALUE!,#VALUE!,#VALUE!,#VALUE!,#VALUE!,#VALUE!,0.883333333
107,826.082674,239.730735,825.390369,239.516584,825.430613,239.296842,802.604004,222.355427,732.870432,247.671898,NaN,NaN,NaN,NaN,0,0,0,0,825.634552,239.5147203,732.870432,247.671898,802.604004,222.355427,,92.76412,-8.157177667,#VALUE!,#VALUE!,#VALUE!,#VALUE!,#VALUE!,#VALUE!,0.891666667
108,829.660626,238.852813,829.140015,239.04076,829.181755,239.377069,806.99068,222.687526,735.820718,247.549575,NaN,NaN,NaN,NaN,0,0,0,0,829.3274653,239.090214,735.820718,247.549575,806.99068,222.687526,,93.50674733,-8.459361,#VALUE!,#VALUE!,#VALUE!,#VALUE!,#VALUE!,#VALUE!,0.9
109,832.744359,238.656319,832.113646,238.698353,832.204532,238.760131,809.383412,222.687526,739.668901,247.566688,NaN,NaN,NaN,NaN,0,0,0,0,832.354179,238.7049343,739.668901,247.566688,809.383412,222.687526,,92.685278,-8.861753667,#VALUE!,#VALUE!,#VALUE!,#VALUE!,#VALUE!,#VALUE!,0.908333333
110,835.626598,238.538081,835.28795,238.366032,835.12677,238.403567,813.321451,223.161955,742.64814,247.652251,NaN,NaN,NaN,NaN,0,0,0,0,835.347106,238.4358933,742.64814,247.652251,813.321451,223.161955,,92.698966,-9.216357667,#VALUE!,#VALUE!,#VALUE!,#VALUE!,#VALUE!,#VALUE!,0.916666667
111,838.757306,237.592171,838.303539,237.610755,838.086473,237.797406,816.581127,223.715987,744.961937,248.044112,NaN,NaN,NaN,NaN,0,0,0,0,838.3824393,237.6667773,744.961937,248.044112,816.581127,223.715987,,93.42050233,-10.37733467,#VALUE!,#VALUE!,#VALUE!,#VALUE!,#VALUE!,#VALUE!,0.925
112,841.738933,237.332046,841.604815,236.946111,841.870397,237.262559,819.992986,224.812443,748.513904,248.104957,NaN,NaN,NaN,NaN,0,0,0,0,841.7380483,237.1802387,748.513904,248.104957,819.992986,224.812443,,93.22414433,-10.92471833,#VALUE!,#VALUE!,#VALUE!,#VALUE!,#VALUE!,#VALUE!,0.933333333
113,844.496938,236.575318,844.302973,236.462734,844.605312,236.157208,823.715014,226.161928,752.234012,247.922422,NaN,NaN,NaN,NaN,0,0,0,0,844.4684077,236.39842,752.234012,247.922422,823.715014,226.161928,,92.23439567,-11.524002,#VALUE!,#VALUE!,#VALUE!,#VALUE!,#VALUE!,#VALUE!,0.941666667
114,847.627646,235.842238,847.413791,235.677246,847.302762,235.800643,828.411859,227.258384,755.743944,247.983267,NaN,NaN,NaN,NaN,0,0,0,0,847.4480663,235.7733757,755.743944,247.983267,828.411859,227.258384,,91.70412233,-12.20989133,#VALUE!,#VALUE!,#VALUE!,#VALUE!,#VALUE!,#VALUE!,0.95
115,850.460191,234.849033,850.302407,234.559437,850.299929,234.802261,831.20338,227.933126,758.097911,248.246928,NaN,NaN,NaN,NaN,0,0,0,0,850.3541757,234.7369103,758.097911,248.246928,831.20338,227.933126,,92.25626467,-13.51001767,#VALUE!,#VALUE!,#VALUE!,#VALUE!,#VALUE!,#VALUE!,0.958333333
116,853.342431,234.35243,853.127538,234.045848,853.034845,234.659635,836.121774,228.818726,761.902089,248.104957,NaN,NaN,NaN,NaN,0,0,0,0,853.1682713,234.3526377,761.902089,248.104957,836.121774,228.818726,,91.26618233,-13.75231933,#VALUE!,#VALUE!,#VALUE!,#VALUE!,#VALUE!,#VALUE!,0.966666667
117,855.454416,233.359225,855.44478,232.807194,855.395114,233.197719,839.976731,230.800781,765.412021,248.125238,NaN,NaN,NaN,NaN,0,0,0,0,855.4314367,233.1213793,765.412021,248.125238,839.976731,230.800781,,90.01941567,-15.00385867,#VALUE!,#VALUE!,#VALUE!,#VALUE!,#VALUE!,#VALUE!,0.975
118,858.933742,232.336204,858.777799,231.719596,858.542139,232.021054,842.635323,231.728552,768.711778,248.368617,786.431532,217.291797,NaN,NaN,0,0,0,0,858.7512267,232.025618,768.711778,248.368617,842.635323,231.728552,,90.03944867,-16.342999,#VALUE!,#VALUE!,56.203791,14.436755,#VALUE!,24.69352437,0.983333333
119,861.352172,231.516415,861.253756,230.752842,861.127196,230.915703,844.895125,232.57198,770.918621,248.753967,NaN,NaN,NaN,NaN,0,0,0,0,861.2443747,231.0616533,770.918621,248.753967,844.895125,232.57198,,90.32575367,-17.69231367,#VALUE!,#VALUE!,#VALUE!,#VALUE!,#VALUE!,#VALUE!,0.991666667
120,864.333799,230.223672,863.920171,229.816298,863.899576,229.988634,849.813519,232.361123,773.146483,249.078472,NaN,NaN,NaN,NaN,0,0,0,0,864.051182,230.0095347,773.146483,249.078472,849.813519,232.361123,,90.904699,-19.06893733,#VALUE!,#VALUE!,#VALUE!,#VALUE!,#VALUE!,#VALUE!,1
121,866.785359,228.867868,866.967503,227.701523,866.538495,228.655787,853.801406,231.855066,776.236064,248.753967,NaN,NaN,NaN,NaN,0,0,0,0,866.7637857,228.4083927,776.236064,248.753967,853.801406,231.855066,,90.52772167,-20.34557433,#VALUE!,#VALUE!,#VALUE!,#VALUE!,#VALUE!,#VALUE!,1.008333333
122,869.236919,227.039109,869.349362,226.75721,869.13604,226.849191,855.883969,231.855066,778.463925,248.510588,NaN,NaN,NaN,NaN,0,0,0,0,869.2407737,226.8818367,778.463925,248.510588,855.883969,231.855066,,90.77684867,-21.62875133,#VALUE!,#VALUE!,#VALUE!,#VALUE!,#VALUE!,#VALUE!,1.016666667
123,871.787866,226.061669,870.957676,226.072426,871.567076,226.183603,861.8658,233.457579,781.824763,248.370825,NaN,NaN,NaN,NaN,0,0,0,0,871.4375393,226.1058993,781.824763,248.370825,861.8658,233.457579,,89.61277633,-22.26492567,#VALUE!,#VALUE!,#VALUE!,#VALUE!,#VALUE!,#VALUE!,1.025
124,874.494431,224.732515,874.301276,224.380606,874.031413,224.535481,863.726814,233.246722,785.137753,247.769889,NaN,NaN,NaN,NaN,0,0,0,0,874.2757067,224.549534,785.137753,247.769889,863.726814,233.246722,,89.13795367,-23.220355,#VALUE!,#VALUE!,#VALUE!,#VALUE!,#VALUE!,#VALUE!,1.033333333
125,876.570526,222.798655,876.671423,222.52766,876.66226,222.855664,865.713314,232.707914,788.450743,247.337216,NaN,NaN,NaN,NaN,0,0,0,0,876.6347363,222.7273263,788.450743,247.337216,865.713314,232.707914,,88.18399333,-24.60988967,#VALUE!,#VALUE!,#VALUE!,#VALUE!,#VALUE!,#VALUE!,1.041666667
126,878.690794,222.083968,878.745301,221.480343,878.760277,221.33432,867.308469,232.314314,791.066261,246.73628,NaN,NaN,NaN,NaN,0,0,0,0,878.732124,221.632877,791.066261,246.73628,867.308469,232.314314,,87.665863,-25.103403,#VALUE!,#VALUE!,#VALUE!,#VALUE!,#VALUE!,#VALUE!,1.05
127,881.208612,220.486431,881.115448,220.433026,881.224615,220.193313,869.789821,231.808258,794.379251,245.919008,NaN,NaN,NaN,NaN,0,0,0,0,881.1828917,220.3709233,794.379251,245.919008,869.789821,231.808258,,86.80364067,-25.54808467,#VALUE!,#VALUE!,#VALUE!,#VALUE!,#VALUE!,#VALUE!,1.058333333
128,883.549742,218.720733,883.612567,219.14402,883.322632,219.179083,875.047924,231.133515,796.96986,244.21235,NaN,NaN,NaN,NaN,0,0,0,0,883.4949803,219.014612,796.96986,244.21235,875.047924,231.133515,,86.52512033,-25.197738,#VALUE!,#VALUE!,#VALUE!,#VALUE!,#VALUE!,#VALUE!,1.066666667
129,885.846699,217.837884,886.448279,217.895296,886.419704,218.038076,876.879398,230.346316,800.108482,243.058554,NaN,NaN,NaN,NaN,0,0,0,0,886.2382273,217.923752,800.108482,243.058554,876.879398,230.346316,,86.12974533,-25.134802,#VALUE!,#VALUE!,#VALUE!,#VALUE!,#VALUE!,#VALUE!,1.075
130,888.232,216.786874,888.522157,216.807697,888.717533,216.992152,879.36075,228.547003,802.275625,242.217244,NaN,NaN,NaN,NaN,0,0,0,0,888.4905633,216.862241,802.275625,242.217244,879.36075,228.547003,,86.21493833,-25.355003,#VALUE!,#VALUE!,#VALUE!,#VALUE!,#VALUE!,#VALUE!,1.083333333
131,891.235713,215.48362,891.611813,215.558973,891.348379,215.851144,881.487623,225.904262,805.065512,241.13556,NaN,NaN,NaN,NaN,0,0,0,0,891.398635,215.6312457,805.065512,241.13556,881.487623,225.904262,,86.333123,-25.50431433,#VALUE!,#VALUE!,#VALUE!,#VALUE!,#VALUE!,#VALUE!,1.091666667
132,893.753531,215.48362,893.55872,214.874189,893.508103,215.586446,885.278031,222.959495,807.008468,240.366362,NaN,NaN,NaN,NaN,0,0,0,0,893.6067847,215.3147517,807.008468,240.366362,885.278031,222.959495,,86.59831667,-25.05161033,#VALUE!,#VALUE!,#VALUE!,#VALUE!,#VALUE!,#VALUE!,1.1
133,896.050488,214.600771,896.521403,213.625464,896.290658,214.544044,888.901592,219.510812,809.574167,238.779892,NaN,NaN,NaN,NaN,0,0,0,0,896.2875163,214.2567597,809.574167,238.779892,888.901592,219.510812,,86.71334933,-24.52313233,#VALUE!,#VALUE!,#VALUE!,#VALUE!,#VALUE!,#VALUE!,1.108333333
134,898.656651,214.600771,898.722254,213.383776,898.806799,214.713082,892.735215,216.611919,811.84095,237.553983,NaN,NaN,NaN,NaN,0,0,0,0,898.728568,214.232543,811.84095,237.553983,892.735215,216.611919,,86.887618,-23.32144,#VALUE!,#VALUE!,#VALUE!,#VALUE!,#VALUE!,#VALUE!,1.116666667
135,900.688575,214.600771,901.177049,214.028279,900.967719,214.825774,896.358777,210.564228,814.12584,236.591223,NaN,NaN,NaN,NaN,0,0,0,0,900.9444477,214.4849413,814.12584,236.591223,896.358777,210.564228,,86.81860767,-22.10628167,#VALUE!,#VALUE!,#VALUE!,#VALUE!,#VALUE!,#VALUE!,1.125
136,903.073876,214.138326,903.166279,213.625464,903.099038,214.149621,897.724177,207.415431,816.684466,235.622603,NaN,NaN,NaN,NaN,0,0,0,0,903.1130643,213.971137,816.684466,235.622603,897.724177,207.415431,,86.42859833,-21.651466,#VALUE!,#VALUE!,#VALUE!,#VALUE!,#VALUE!,#VALUE!,1.133333333
137,905.326661,213.928124,905.014557,213.780155,905.496772,214.23414,899.352154,205.516156,819.439909,234.786932,NaN,NaN,NaN,NaN,0,0,0,0,905.27933,213.9808063,819.439909,234.786932,899.352154,205.516156,,85.839421,-20.80612567,#VALUE!,#VALUE!,#VALUE!,#VALUE!,#VALUE!,#VALUE!,1.141666667
138,908.109512,214.138326,908.061889,213.780155,907.805701,214.121448,899.877308,204.016729,821.03413,234.198163,NaN,NaN,NaN,NaN,0,0,0,0,907.9923673,214.0133097,821.03413,234.198163,899.877308,204.016729,,86.95823733,-20.18485333,#VALUE!,#VALUE!,#VALUE!,#VALUE!,#VALUE!,#VALUE!,1.15
139,911.20157,214.348529,911.222085,213.780155,911.387501,214.121448,901.5578,201.667626,823.691164,233.609395,NaN,NaN,860.537008,226.085533,0,0,0,0,911.2703853,214.0833773,823.691164,233.609395,901.5578,201.667626,,87.57922133,-19.52601767,41.020792,-24.417907,#VALUE!,#VALUE!,18.19483113,#VALUE!,1.158333333
140,914.116938,214.390569,914.532766,214.281435,914.318064,214.403178,902.345531,198.268924,826.033291,233.248537,NaN,NaN,NaN,NaN,0,0,0,0,914.3225893,214.358394,826.033291,233.248537,902.345531,198.268924,,88.28929833,-18.890143,#VALUE!,#VALUE!,#VALUE!,#VALUE!,#VALUE!,#VALUE!,1.166666667
141,917.429857,215.231378,917.35437,214.711103,917.426237,215.022985,903.448354,196.119745,828.84778,232.431858,NaN,NaN,NaN,NaN,0,0,0,0,917.403488,214.9884887,828.84778,232.431858,903.448354,196.119745,,88.555708,-17.44336933,#VALUE!,#VALUE!,#VALUE!,#VALUE!,#VALUE!,#VALUE!,1.175
142,920.518928,214.861538,920.702672,215.033355,921.333655,215.304715,906.756823,194.320432,831.504814,232.070999,NaN,NaN,NaN,NaN,0,0,0,0,920.8517517,215.066536,831.504814,232.070999,906.756823,194.320432,,89.34693767,-17.004463,#VALUE!,#VALUE!,#VALUE!,#VALUE!,#VALUE!,#VALUE!,1.183333333
143,924.742013,215.326578,924.46481,215.283995,924.589837,215.727311,908.647377,193.270833,834.496438,232.127977,NaN,NaN,NaN,NaN,0,0,0,0,924.5988867,215.4459613,834.496438,232.127977,908.647377,193.270833,,90.10244867,-16.68201567,#VALUE!,#VALUE!,#VALUE!,#VALUE!,#VALUE!,#VALUE!,1.191666667
144,928.232166,215.559098,928.415055,215.785275,928.319645,216.009041,911.7983,192.771024,837.822652,232.089992,NaN,NaN,NaN,NaN,0,0,0,0,928.3222887,215.7844713,837.822652,232.089992,911.7983,192.771024,,90.49963667,-16.30552067,#VALUE!,#VALUE!,#VALUE!,#VALUE!,#VALUE!,#VALUE!,1.2
145,932.455252,216.024138,932.553407,216.214943,932.211965,216.255658,916.997323,191.971329,841.252094,231.954497,NaN,NaN,NaN,NaN,0,0,0,0,932.4068747,216.164913,841.252094,231.954497,916.997323,191.971329,,91.15478067,-15.789584,#VALUE!,#VALUE!,#VALUE!,#VALUE!,#VALUE!,#VALUE!,1.208333333
146,936.817943,216.954217,937.105594,216.966863,936.764041,217.157195,917.992745,192.846106,846.054438,231.853204,NaN,NaN,NaN,NaN,0,0,0,0,936.8958593,217.0260917,846.054438,231.853204,917.992745,192.846106,,90.84142133,-14.82711233,#VALUE!,#VALUE!,#VALUE!,#VALUE!,#VALUE!,#VALUE!,1.216666667
147,941.390043,217.651777,941.35681,217.289115,941.34243,217.933519,919.190958,192.69574,850.568116,232.055791,NaN,NaN,NaN,NaN,0,0,0,0,941.3630943,217.6248037,850.568116,232.055791,919.190958,192.69574,,90.79497833,-14.43098733,#VALUE!,#VALUE!,#VALUE!,#VALUE!,#VALUE!,#VALUE!,1.225
148,945.264113,218.349337,945.382297,218.291675,945.605067,218.309159,921.348627,192.69574,855.317975,232.587582,NaN,NaN,NaN,NaN,0,0,0,0,945.417159,218.3167237,855.317975,232.587582,921.348627,192.69574,,90.099184,-14.27085833,#VALUE!,#VALUE!,#VALUE!,#VALUE!,#VALUE!,#VALUE!,1.233333333
149,949.487198,218.814377,949.581431,219.045681,949.736142,219.260781,925.746952,192.379811,859.385534,233.54987,NaN,NaN,NaN,NaN,0,0,0,0,949.6015903,219.0402797,859.385534,233.54987,925.746952,192.379811,,90.21605633,-14.50959033,#VALUE!,#VALUE!,#VALUE!,#VALUE!,#VALUE!,#VALUE!,1.241666667
150,954.617723,220.043411,954.497292,219.936846,954.70922,220.162318,930.062291,192.379811,863.033216,233.727134,NaN,NaN,NaN,NaN,0,0,0,0,954.6080783,220.047525,863.033216,233.727134,930.062291,192.379811,,91.57486233,-13.679609,#VALUE!,#VALUE!,#VALUE!,#VALUE!,#VALUE!,#VALUE!,1.25
151,959.015316,221.139576,958.944975,220.923492,958.735044,221.364368,935.622438,192.69574,866.811407,234.460953,NaN,NaN,NaN,NaN,0,0,0,0,958.898445,221.1424787,866.811407,234.460953,935.622438,192.69574,,92.087038,-13.31847433,#VALUE!,#VALUE!,#VALUE!,#VALUE!,#VALUE!,#VALUE!,1.258333333
152,962.818138,222.432183,962.957922,222.101102,963.155558,222.416161,943.17428,193.169633,870.388137,234.520979,NaN,NaN,NaN,NaN,0,0,0,0,962.977206,222.316482,870.388137,234.520979,943.17428,193.169633,,92.589069,-12.204497,#VALUE!,#VALUE!,#VALUE!,#VALUE!,#VALUE!,#VALUE!,1.266666667
153,966.882228,223.258921,967.00431,222.610339,966.945795,223.152267,948.402478,193.564544,875.426662,233.530553,NaN,NaN,NaN,NaN,0,0,0,0,966.944111,223.0071757,875.426662,233.530553,948.402478,193.564544,,91.517449,-10.52337733,#VALUE!,#VALUE!,#VALUE!,#VALUE!,#VALUE!,#VALUE!,1.275
154,971.132459,223.878974,971.385111,223.565158,971.186993,224.072354,953.630677,193.564544,880.558493,232.990321,NaN,NaN,NaN,NaN,0,0,0,0,971.2348543,223.8388287,880.558493,232.990321,953.630677,193.564544,,90.67636133,-9.151492333,#VALUE!,#VALUE!,#VALUE!,#VALUE!,#VALUE!,#VALUE!,1.283333333
155,975.630878,224.499027,975.431499,224.615459,974.804485,224.398837,957.116142,193.959455,884.508447,232.840257,NaN,NaN,NaN,NaN,0,0,0,0,975.288954,224.504441,884.508447,232.840257,957.116142,193.959455,,90.780507,-8.335816,#VALUE!,#VALUE!,#VALUE!,#VALUE!,#VALUE!,#VALUE!,1.291666667
156,979.850085,224.79429,979.477888,224.424495,978.73383,224.398837,961.016544,194.828259,888.707218,232.630166,NaN,NaN,NaN,NaN,0,0,0,0,979.3539343,224.5392073,888.707218,232.630166,961.016544,194.828259,,90.64671633,-8.090958667,#VALUE!,#VALUE!,#VALUE!,#VALUE!,#VALUE!,#VALUE!,1.3
157,983.293703,225.266712,983.290187,225.442969,982.663175,225.645406,965.746819,196.012991,892.283948,233.260437,NaN,NaN,NaN,NaN,0,0,0,0,983.082355,225.4516957,892.283948,233.260437,965.746819,196.012991,,90.798407,-7.808741333,#VALUE!,#VALUE!,#VALUE!,#VALUE!,#VALUE!,#VALUE!,1.308333333
158,987.202674,225.739133,987.503782,225.952206,987.091485,226.14997,970.56008,196.881795,896.576025,232.570141,NaN,NaN,NaN,NaN,0,0,0,0,987.2659803,225.947103,896.576025,232.570141,970.56008,196.881795,,90.68995533,-6.623038,#VALUE!,#VALUE!,#VALUE!,#VALUE!,#VALUE!,#VALUE!,1.316666667
159,990.987551,226.034397,991.583611,226.620579,991.332683,226.891976,974.792431,197.987546,900.246061,232.209986,NaN,NaN,NaN,NaN,0,0,0,0,991.3012817,226.5156507,900.246061,232.209986,974.792431,197.987546,,91.05522067,-5.694335333,#VALUE!,#VALUE!,#VALUE!,#VALUE!,#VALUE!,#VALUE!,1.325
160,994.896523,226.152502,995.462794,226.907025,995.605066,227.33718,980.02063,197.355688,904.227118,232.36005,NaN,NaN,NaN,NaN,0,0,0,0,995.321461,226.7989023,904.227118,232.36005,980.02063,197.355688,,91.094343,-5.561147667,#VALUE!,#VALUE!,#VALUE!,#VALUE!,#VALUE!,#VALUE!,1.333333333
161,999.394942,226.359186,999.241652,227.288953,999.222558,227.515261,984.999866,198.540421,908.394786,232.480102,NaN,NaN,NaN,NaN,0,0,0,0,999.286384,227.0544667,908.394786,232.480102,984.999866,198.540421,,90.891598,-5.425635333,#VALUE!,#VALUE!,#VALUE!,#VALUE!,#VALUE!,#VALUE!,1.341666667
162,1003.055725,226.802081,1003.28804,227.448089,1003.276644,227.515261,987.489484,200.67294,911.664663,232.633118,NaN,NaN,NaN,NaN,0,0,0,0,1003.206803,227.2551437,911.664663,232.633118,987.489484,200.67294,,91.54214,-5.377974333,#VALUE!,#VALUE!,#VALUE!,#VALUE!,#VALUE!,#VALUE!,1.35
163,1007.119814,226.979239,1007.076229,227.087224,1006.894137,227.515261,990.228064,202.963423,914.954564,232.17959,NaN,NaN,NaN,NaN,0,0,0,0,1007.03006,227.193908,914.954564,232.17959,990.228064,202.963423,,92.075496,-4.985682,#VALUE!,#VALUE!,#VALUE!,#VALUE!,#VALUE!,#VALUE!,1.358333333
164,1010.888068,226.997128,1010.970274,227.200388,1011.16652,227.693342,991.970797,204.30612,919.516191,232.152911,NaN,NaN,NaN,NaN,0,0,0,0,1011.008287,227.2969527,919.516191,232.152911,991.970797,204.30612,,91.49209633,-4.855958333,#VALUE!,#VALUE!,#VALUE!,#VALUE!,#VALUE!,#VALUE!,1.366666667
165,1014.941816,227.28583,1014.864319,227.200388,1014.518879,227.505199,996.203148,204.622049,923.386663,232.206268,NaN,NaN,NaN,NaN,0,0,0,0,1014.775005,227.3304723,923.386663,232.206268,996.203148,204.622049,,91.38834167,-4.875795667,#VALUE!,#VALUE!,#VALUE!,#VALUE!,#VALUE!,#VALUE!,1.375
166,1018.581917,227.10211,1018.609737,227.058933,1018.455154,227.689876,999.688614,204.622049,926.234224,232.60644,NaN,NaN,NaN,NaN,0,0,0,0,1018.548936,227.2836397,926.234224,232.60644,999.688614,204.622049,,92.314712,-5.322800333,#VALUE!,#VALUE!,#VALUE!,#VALUE!,#VALUE!,#VALUE!,1.383333333
167,1022.3599,227.28583,1022.355154,227.511588,1022.391429,227.769023,1003.174079,205.569835,929.772941,232.446371,NaN,NaN,NaN,NaN,0,0,0,0,1022.368828,227.522147,929.772941,232.446371,1003.174079,205.569835,,92.59588667,-4.924224,#VALUE!,#VALUE!,#VALUE!,#VALUE!,#VALUE!,#VALUE!,1.391666667
168,1026.220612,226.997128,1026.397827,227.058933,1026.327705,227.663494,1006.659545,206.280675,934.223983,232.873221,NaN,NaN,NaN,NaN,0,0,0,0,1026.315381,227.2398517,934.223983,232.873221,1006.659545,206.280675,,92.09139833,-5.633369333,#VALUE!,#VALUE!,#VALUE!,#VALUE!,#VALUE!,#VALUE!,1.4
169,1030.164054,226.734671,1030.321597,226.917479,1030.125379,227.663494,1010.559947,206.280675,937.686124,233.054322,NaN,NaN,NaN,NaN,0,0,0,0,1030.203677,227.1052147,937.686124,233.054322,1010.559947,206.280675,,92.51755267,-5.949107333,#VALUE!,#VALUE!,#VALUE!,#VALUE!,#VALUE!,#VALUE!,1.408333333
170,1033.942037,226.997128,1034.016316,227.09603,1033.756731,227.505199,1015.041259,206.280675,941.902002,233.433745,NaN,NaN,NaN,NaN,0,0,0,0,1033.905028,227.1994523,941.902002,233.433745,1015.041259,206.280675,,92.003026,-6.234292667,#VALUE!,#VALUE!,#VALUE!,#VALUE!,#VALUE!,#VALUE!,1.416666667
171,1037.554561,226.734671,1037.901608,227.200388,1037.526685,227.399669,1019.854521,206.280675,945.986818,233.454824,NaN,NaN,NaN,NaN,0,0,0,0,1037.660951,227.111576,945.986818,233.454824,1019.854521,206.280675,,91.67413333,-6.343248,#VALUE!,#VALUE!,#VALUE!,#VALUE!,#VALUE!,#VALUE!,1.425
172,1040.698284,226.550952,1040.859795,227.272063,1041.019436,227.109463,1022.566198,206.927769,949.61291,233.581298,NaN,NaN,NaN,NaN,0,0,0,0,1040.859172,226.9774927,949.61291,233.581298,1022.566198,206.927769,,91.24626167,-6.603805333,#VALUE!,#VALUE!,#VALUE!,#VALUE!,#VALUE!,#VALUE!,1.433333333
173,1044.503844,226.445969,1044.453281,227.272063,1043.930062,227.214992,1026.549587,207.419213,952.955032,233.855325,NaN,NaN,NaN,NaN,0,0,0,0,1044.295729,226.9776747,952.955032,233.855325,1026.549587,207.419213,,91.340697,-6.877650333,#VALUE!,#VALUE!,#VALUE!,#VALUE!,#VALUE!,#VALUE!,1.441666667
174,1047.507516,226.523426,1048.073191,227.272063,1047.284212,227.373287,1029.942844,207.840452,956.646656,233.771009,NaN,NaN,NaN,NaN,0,0,0,0,1047.62164,227.0562587,956.646656,233.771009,1029.942844,207.840452,,90.97498367,-6.714750333,#VALUE!,#VALUE!,#VALUE!,#VALUE!,#VALUE!,#VALUE!,1.45
175,1050.927005,226.523426,1051.111801,226.567933,1051.331368,227.214992,1033.041036,208.121277,960.05431,233.707772,NaN,NaN,NaN,NaN,0,0,0,0,1051.123391,226.7687837,960.05431,233.707772,1033.041036,208.121277,,91.06908133,-6.938988333,#VALUE!,#VALUE!,#VALUE!,#VALUE!,#VALUE!,#VALUE!,1.458333333
176,1054.456799,226.033507,1054.441061,226.442195,1054.685518,226.819256,1037.688323,208.121277,962.850333,234.17151,NaN,NaN,NaN,NaN,0,0,0,0,1054.527793,226.4316527,962.850333,234.17151,1037.688323,208.121277,,91.67745967,-7.739857333,#VALUE!,#VALUE!,#VALUE!,#VALUE!,#VALUE!,#VALUE!,1.466666667
177,1057.545369,225.788548,1057.924112,226.214253,1057.596144,226.397137,1041.671712,208.121277,966.804085,233.981799,NaN,NaN,NaN,NaN,0,0,0,0,1057.688542,226.1333127,966.804085,233.981799,1041.671712,208.121277,,90.88445667,-7.848486333,#VALUE!,#VALUE!,#VALUE!,#VALUE!,#VALUE!,#VALUE!,1.475
178,1060.450095,225.788548,1060.883454,226.214253,1061.149912,226.705275,1046.245233,208.121277,970.05883,234.445537,NaN,NaN,NaN,NaN,0,0,0,0,1060.82782,226.2360253,970.05883,234.445537,1046.245233,208.121277,,90.76899033,-8.209511667,#VALUE!,#VALUE!,#VALUE!,#VALUE!,#VALUE!,#VALUE!,1.483333333
179,1063.906352,225.29863,1063.666645,225.912483,1064.25458,226.107274,1049.712257,208.542516,973.181318,234.524847,NaN,NaN,NaN,NaN,0,0,0,0,1063.942526,225.7727957,973.181318,234.524847,1049.712257,208.542516,,90.76120767,-8.752051333,#VALUE!,#VALUE!,#VALUE!,#VALUE!,#VALUE!,#VALUE!,1.491666667
180,1066.627235,225.4736,1067.365822,225.744833,1067.174446,225.966567,1053.179281,209.244579,976.559268,234.524847,NaN,NaN,NaN,NaN,0,0,0,0,1067.055834,225.7283333,976.559268,234.524847,1053.179281,209.244579,,90.49656633,-8.796513667,#VALUE!,#VALUE!,#VALUE!,#VALUE!,#VALUE!,#VALUE!,1.5
181,1070.230567,225.29863,1070.501316,225.510123,1070.279114,225.579625,1057.16267,208.893547,979.904893,234.60283,NaN,NaN,NaN,NaN,0,0,0,0,1070.336999,225.4627927,979.904893,234.60283,1057.16267,208.893547,,90.432106,-9.140037333,#VALUE!,#VALUE!,#VALUE!,#VALUE!,#VALUE!,#VALUE!,1.508333333
182,1073.576518,224.563752,1073.460658,225.208353,1073.16202,225.227859,1060.629694,208.893547,982.555533,234.712005,NaN,NaN,NaN,NaN,0,0,0,0,1073.399732,224.999988,982.555533,234.712005,1060.629694,208.893547,,90.844199,-9.712017,#VALUE!,#VALUE!,#VALUE!,#VALUE!,#VALUE!,#VALUE!,1.516666667
183,1076.403755,224.473214,1076.596151,224.537753,1076.266688,224.489151,1065.276982,209.244579,985.691046,234.86797,NaN,NaN,NaN,NaN,0,0,0,0,1076.422198,224.5000393,985.691046,234.86797,1065.276982,209.244579,,90.731152,-10.36793067,#VALUE!,#VALUE!,#VALUE!,#VALUE!,#VALUE!,#VALUE!,1.525
184,1079.312567,224.19326,1079.555493,223.967743,1080.147522,223.750443,1069.555437,209.876437,989.747819,234.634023,NaN,NaN,NaN,NaN,0,0,0,0,1079.671861,223.970482,989.747819,234.634023,1069.555437,209.876437,,89.92404167,-10.663541,#VALUE!,#VALUE!,#VALUE!,#VALUE!,#VALUE!,#VALUE!,1.533333333
185,1082.254063,223.540036,1083.254671,223.095964,1082.697785,223.363501,1073.02246,210.367882,993.206581,234.618426,NaN,NaN,NaN,NaN,0,0,0,0,1082.735506,223.333167,993.206581,234.618426,1073.02246,210.367882,,89.52892533,-11.285259,#VALUE!,#VALUE!,#VALUE!,#VALUE!,#VALUE!,#VALUE!,1.541666667
186,1084.313109,222.544646,1085.967401,222.391834,1085.211088,222.624793,1077.522215,210.718913,996.875455,234.212918,NaN,NaN,NaN,NaN,0,0,0,0,1085.163866,222.5204243,996.875455,234.212918,1077.522215,210.718913,,88.288411,-11.69249367,#VALUE!,#VALUE!,#VALUE!,#VALUE!,#VALUE!,#VALUE!,1.55
187,1088.20242,221.580362,1088.348684,222.364137,1087.901723,221.829438,1080.767939,212.544279,1000.450345,234.358548,NaN,NaN,NaN,NaN,0,0,0,0,1088.150942,221.9246457,1000.450345,234.358548,1080.767939,212.544279,,87.70059733,-12.43390233,#VALUE!,#VALUE!,#VALUE!,#VALUE!,#VALUE!,#VALUE!,1.558333333
188,1091.340015,220.709396,1091.120132,221.201764,1090.497159,221.329149,1083.866131,213.667582,1003.136901,234.303094,NaN,NaN,NaN,NaN,0,0,0,0,1090.985769,221.080103,1003.136901,234.303094,1083.866131,213.667582,,87.84886767,-13.222991,#VALUE!,#VALUE!,#VALUE!,#VALUE!,#VALUE!,#VALUE!,1.566666667
189,1093.921994,219.402946,1093.609737,220.262924,1093.388278,220.328571,1087.701987,214.299439,1006.642355,234.164458,NaN,NaN,NaN,NaN,0,0,0,0,1093.640003,219.998147,1006.642355,234.164458,1087.701987,214.299439,,86.997648,-14.166311,#VALUE!,#VALUE!,#VALUE!,#VALUE!,#VALUE!,#VALUE!,1.575
190,1096.438606,218.314238,1096.240263,219.324084,1096.345105,219.390529,1090.35758,215.141916,1010.018509,233.984232,NaN,NaN,NaN,NaN,0,0,0,0,1096.341325,219.009617,1010.018509,233.984232,1090.35758,215.141916,,86.32281567,-14.974615,#VALUE!,#VALUE!,#VALUE!,#VALUE!,#VALUE!,#VALUE!,1.583333333
191,1099.184002,217.443272,1098.541974,218.608777,1099.10481,218.014735,1093.455771,216.61625,1013.250997,233.526736,1039.36607,201.134333,NaN,NaN,0,0,0,0,1098.943595,218.0222613,1013.250997,233.526736,1093.455771,216.61625,,85.69259833,-15.50447467,#VALUE!,#VALUE!,54.089701,15.481917,#VALUE!,26.22818721,1.591666667
192,1101.798664,216.167929,1101.1725,217.222871,1101.338856,217.233033,1096.258897,217.248107,1016.540952,233.221738,NaN,NaN,NaN,NaN,0,0,0,0,1101.436673,216.874611,1016.540952,233.221738,1096.258897,217.248107,,84.89572133,-16.347127,#VALUE!,#VALUE!,#VALUE!,#VALUE!,#VALUE!,#VALUE!,1.6
193,1104.217227,215.359175,1103.145395,216.507564,1104.131415,216.232455,1096.672586,218.144477,1019.620121,232.580867,NaN,NaN,NaN,NaN,0,0,0,0,1103.831346,216.0330647,1019.620121,232.580867,1096.672586,218.144477,,84.21122467,-16.54780233,#VALUE!,#VALUE!,#VALUE!,#VALUE!,#VALUE!,#VALUE!,1.608333333
194,1106.43969,214.394891,1106.433552,215.076951,1106.332608,214.606516,1100.344516,219.205374,1023.502299,232.005787,NaN,NaN,NaN,NaN,0,0,0,0,1106.40195,214.692786,1023.502299,232.005787,1100.344516,219.205374,,82.899651,-17.313001,#VALUE!,#VALUE!,#VALUE!,#VALUE!,#VALUE!,#VALUE!,1.616666667
195,1109.428915,213.154309,1109.42807,213.466508,1108.402386,214.262567,1103.557456,218.144477,1027.946372,230.888489,NaN,NaN,NaN,NaN,0,0,0,0,1109.086457,213.6277947,1027.946372,230.888489,1103.557456,218.144477,,81.140085,-17.26069433,#VALUE!,#VALUE!,#VALUE!,#VALUE!,#VALUE!,#VALUE!,1.625
196,1110.518358,213.154309,1112.225614,212.27433,1110.833554,213.105649,1105.917983,217.894855,1032.288282,229.656175,NaN,NaN,NaN,NaN,0,0,0,0,1111.192509,212.8447627,1032.288282,229.656175,1105.917983,217.894855,,78.90422667,-16.81141233,#VALUE!,#VALUE!,#VALUE!,#VALUE!,#VALUE!,#VALUE!,1.633333333
197,1113.568797,211.910072,1115.315438,210.128411,1113.790381,211.63605,1107.688378,220.203865,1035.880999,228.275984,NaN,NaN,NaN,NaN,0,0,0,0,1114.224872,211.2248443,1035.880999,228.275984,1107.688378,220.203865,,78.343873,-17.05113967,#VALUE!,#VALUE!,#VALUE!,#VALUE!,#VALUE!,#VALUE!,1.641666667
198,1116.009149,210.168139,1115.732982,210.128411,1115.430537,210.860878,1110.442326,219.205374,1038.673443,227.24084,NaN,NaN,NaN,NaN,0,0,0,0,1115.724223,210.3858093,1038.673443,227.24084,1110.442326,219.205374,,77.05077967,-16.85503067,#VALUE!,#VALUE!,#VALUE!,#VALUE!,#VALUE!,#VALUE!,1.65
199,1118.144457,209.297173,1118.14386,209.231269,1117.752193,209.568465,1114.507678,218.144477,1040.644294,226.594566,NaN,NaN,NaN,NaN,0,0,0,0,1118.013503,209.3656357,1040.644294,226.594566,1114.507678,218.144477,,77.36920933,-17.22893033,#VALUE!,#VALUE!,#VALUE!,#VALUE!,#VALUE!,#VALUE!,1.658333333
200,1120.584808,208.218834,1120.482105,208.489469,1120.511898,208.234361,1116.540354,215.960279,1044.781248,225.289835,NaN,NaN,NaN,NaN,0,0,0,0,1120.52627,208.3142213,1044.781248,225.289835,1116.540354,215.960279,,75.74502233,-16.97561367,#VALUE!,#VALUE!,#VALUE!,#VALUE!,#VALUE!,#VALUE!,1.666666667
201,1122.938005,207.347868,1122.486316,207.641698,1122.351701,207.65069,1119.294302,215.960279,1048.332974,224.02405,NaN,NaN,NaN,NaN,0,0,0,0,1122.592007,207.546752,1048.332974,224.02405,1119.294302,215.960279,,74.25903333,-16.477298,#VALUE!,#VALUE!,#VALUE!,#VALUE!,#VALUE!,#VALUE!,1.675
202,1124.986157,206.891647,1124.490526,207.00587,1124.454333,206.941948,1122.441671,213.963297,1051.602177,222.972476,NaN,NaN,NaN,NaN,0,0,0,0,1124.643672,206.9464883,1051.602177,222.972476,1122.441671,213.963297,,73.041495,-16.02598767,#VALUE!,#VALUE!,#VALUE!,#VALUE!,#VALUE!,#VALUE!,1.683333333
203,1126.598532,206.228054,1126.272047,205.893171,1126.031307,206.733494,1124.217346,213.593958,1055.053002,221.920901,NaN,NaN,NaN,NaN,0,0,0,0,1126.300629,206.2849063,1055.053002,221.920901,1124.217346,213.593958,,71.24762667,-15.63599467,#VALUE!,#VALUE!,#VALUE!,#VALUE!,#VALUE!,#VALUE!,1.691666667
204,1128.646684,205.398562,1128.610292,205.893171,1128.528183,206.316587,1124.217346,212.817354,1057.615896,221.064063,NaN,NaN,NaN,NaN,0,0,0,0,1128.595053,205.86944,1057.615896,221.064063,1124.217346,212.817354,,70.979157,-15.194623,#VALUE!,#VALUE!,#VALUE!,#VALUE!,#VALUE!,#VALUE!,1.7
205,1130.389793,205.357088,1130.614503,205.4163,1131.068864,205.232627,1127.189862,212.207165,1060.198969,220.109856,NaN,NaN,NaN,NaN,0,0,0,0,1130.691053,205.3353383,1060.198969,220.109856,1127.189862,212.207165,,70.49208433,-14.77451767,#VALUE!,#VALUE!,#VALUE!,#VALUE!,#VALUE!,#VALUE!,1.708333333
206,1131.39208,204.486122,1131.282573,204.568529,1131.813546,204.732338,1130.045808,209.322636,1062.923305,219.21407,NaN,NaN,NaN,NaN,0,0,0,0,1131.496066,204.595663,1062.923305,219.21407,1130.045808,209.322636,,68.57276133,-14.618407,#VALUE!,#VALUE!,#VALUE!,#VALUE!,#VALUE!,#VALUE!,1.716666667
207,1134.834719,204.278749,1134.121871,204.568529,1134.091397,203.856832,1137.914231,205.439616,1065.163314,218.51302,NaN,NaN,NaN,NaN,0,0,0,0,1134.349329,204.2347033,1065.163314,218.51302,1137.914231,205.439616,,69.186015,-14.27831667,#VALUE!,#VALUE!,#VALUE!,#VALUE!,#VALUE!,#VALUE!,1.725
208,1135.531962,204.942342,1136.460117,205.151372,1137.245346,203.940214,1144.383823,199.115841,1065.582632,218.344057,NaN,NaN,NaN,NaN,0,0,0,0,1136.412475,204.677976,1065.582632,218.344057,1144.383823,199.115841,,70.829843,-13.666081,#VALUE!,#VALUE!,#VALUE!,#VALUE!,#VALUE!,#VALUE!,1.733333333
209,1138.451668,205.357088,1138.798362,205.999142,1139.610807,205.607844,1145.899223,195.621123,1068.21952,217.686282,NaN,NaN,NaN,NaN,0,0,0,0,1138.953612,205.6546913,1068.21952,217.686282,1145.899223,195.621123,,70.73409233,-12.03159067,#VALUE!,#VALUE!,#VALUE!,#VALUE!,#VALUE!,#VALUE!,1.741666667
210,1141.632841,205.398562,1141.470643,206.528999,1141.45061,205.607844,1148.696885,192.348292,1070.569399,217.011197,NaN,NaN,1109.64382,220.284192,0,0,0,0,1141.518031,205.845135,1070.569399,217.011197,1148.696885,192.348292,,70.94863233,-11.166062,39.053065,-27.9359,#VALUE!,#VALUE!,26.63336593,#VALUE!,1.75
211,1144.11677,206.476901,1144.309941,206.264071,1144.429339,206.066442,1150.503708,190.018481,1073.026907,216.422662,NaN,NaN,NaN,NaN,0,0,0,0,1144.28535,206.269138,1073.026907,216.422662,1150.503708,190.018481,,71.258443,-10.153524,#VALUE!,#VALUE!,#VALUE!,#VALUE!,#VALUE!,#VALUE!,1.758333333
212,1146.248812,206.677366,1146.481169,206.793928,1146.033047,206.796107,1151.144838,188.076971,1075.412663,216.180323,NaN,NaN,NaN,NaN,0,0,0,0,1146.254343,206.7558003,1075.412663,216.180323,1151.144838,188.076971,,70.84167967,-9.424522667,#VALUE!,#VALUE!,#VALUE!,#VALUE!,#VALUE!,#VALUE!,1.766666667
213,1149.580086,206.93543,1149.710175,207.37677,1149.321113,207.586687,1150.943296,186.833664,1077.278216,216.111084,NaN,NaN,NaN,NaN,0,0,0,0,1149.537125,207.299629,1077.278216,216.111084,1150.943296,186.833664,,72.25890867,-8.811455,#VALUE!,#VALUE!,#VALUE!,#VALUE!,#VALUE!,#VALUE!,1.775
214,1152.601474,207.451558,1152.827836,207.906627,1153.301405,208.146682,1151.15053,186.340582,1079.323149,216.249563,NaN,NaN,NaN,NaN,0,0,0,0,1152.910238,207.8349557,1079.323149,216.249563,1151.15053,186.340582,,73.58708933,-8.414607333,#VALUE!,#VALUE!,#VALUE!,#VALUE!,#VALUE!,#VALUE!,1.783333333
215,1155.894012,208.668146,1155.834152,209.019326,1156.208748,208.640794,1153.326489,185.305111,1081.583339,216.491901,NaN,NaN,NaN,NaN,0,0,0,0,1155.978971,208.7760887,1081.583339,216.491901,1153.326489,185.305111,,74.39563167,-7.715812333,#VALUE!,#VALUE!,#VALUE!,#VALUE!,#VALUE!,#VALUE!,1.791666667
216,1158.528042,209.258007,1159.007485,209.867097,1159.116091,209.66196,1154.36266,184.269639,1083.215698,217.149676,NaN,NaN,NaN,NaN,0,0,0,0,1158.883873,209.595688,1083.215698,217.149676,1154.36266,184.269639,,75.66817467,-7.553988,#VALUE!,#VALUE!,#VALUE!,#VALUE!,#VALUE!,#VALUE!,1.8
217,1162.169201,209.62667,1162.514853,210.449939,1162.957938,210.221954,1156.383193,185.305111,1085.960214,217.772832,NaN,NaN,NaN,NaN,0,0,0,0,1162.547331,210.099521,1085.960214,217.772832,1156.383193,185.305111,,76.58711667,-7.673311,#VALUE!,#VALUE!,#VALUE!,#VALUE!,#VALUE!,#VALUE!,1.808333333
218,1164.841967,210.400862,1165.465497,211.456667,1166.384449,211.407825,1157.678407,186.340582,1088.597102,218.413297,NaN,NaN,NaN,NaN,0,0,0,0,1165.563971,211.0884513,1088.597102,218.413297,1157.678407,186.340582,,76.966869,-7.324845667,#VALUE!,#VALUE!,#VALUE!,#VALUE!,#VALUE!,#VALUE!,1.816666667
219,1168.870484,211.396252,1169.52959,212.304438,1169.49946,212.461931,1160.476068,187.376054,1092.194972,218.969607,NaN,NaN,NaN,NaN,0,0,0,0,1169.299845,212.054207,1092.194972,218.969607,1160.476068,187.376054,,77.10487267,-6.9154,#VALUE!,#VALUE!,#VALUE!,#VALUE!,#VALUE!,#VALUE!,1.825
220,1172.782794,212.170444,1173.259649,213.25818,1173.272084,213.483097,1164.206284,189.446998,1096.308756,219.662001,NaN,NaN,NaN,NaN,0,0,0,0,1173.104842,212.9705737,1096.308756,219.662001,1164.206284,189.446998,,76.79608633,-6.691427333,#VALUE!,#VALUE!,#VALUE!,#VALUE!,#VALUE!,#VALUE!,1.833333333
221,1176.811311,213.645096,1176.688083,213.689601,1177.286986,214.207796,1168.869053,192.553414,1100.199311,220.046665,NaN,NaN,NaN,NaN,0,0,0,0,1176.928793,213.8474977,1100.199311,220.046665,1168.869053,192.553414,,76.72948233,-6.199167333,#VALUE!,#VALUE!,#VALUE!,#VALUE!,#VALUE!,#VALUE!,1.841666667
222,1180.103849,214.861684,1180.597531,214.678667,1180.416655,215.582621,1172.599268,192.750647,1104.488489,220.262077,NaN,NaN,NaN,NaN,0,0,0,0,1180.372678,215.0409907,1104.488489,220.262077,1172.599268,192.750647,,75.88418933,-5.221086333,#VALUE!,#VALUE!,#VALUE!,#VALUE!,#VALUE!,#VALUE!,1.85
223,1183.55133,215.783341,1184.210059,215.667733,1184.477706,216.343921,1176.951186,194.624358,1108.139871,220.200531,NaN,NaN,NaN,NaN,0,0,0,0,1184.079698,215.931665,1108.139871,220.200531,1176.951186,194.624358,,75.93982733,-4.268866,#VALUE!,#VALUE!,#VALUE!,#VALUE!,#VALUE!,#VALUE!,1.858333333
224,1187.618583,217.18426,1187.822586,216.515504,1187.400432,217.720116,1180.059699,196.399453,1112.189876,220.200531,NaN,NaN,NaN,NaN,0,0,0,0,1187.613867,217.13996,1112.189876,220.200531,1180.059699,196.399453,,75.423991,-3.060571,#VALUE!,#VALUE!,#VALUE!,#VALUE!,#VALUE!,#VALUE!,1.866666667
225,1190.666983,217.813133,1190.395893,217.645865,1190.476986,218.803503,1182.235658,196.20222,1114.579519,220.026287,NaN,NaN,NaN,NaN,0,0,0,0,1190.513287,218.0875003,1114.579519,220.026287,1182.235658,196.20222,,75.93376833,-1.938786667,#VALUE!,#VALUE!,#VALUE!,#VALUE!,#VALUE!,#VALUE!,1.875
226,1193.920786,218.304683,1194.354828,218.964619,1194.661099,219.594083,1185.499596,196.399453,1118.132279,220.099231,NaN,NaN,NaN,NaN,0,0,0,0,1194.312238,218.9544617,1118.132279,220.099231,1185.499596,196.399453,,76.17995867,-1.144769333,#VALUE!,#VALUE!,#VALUE!,#VALUE!,#VALUE!,#VALUE!,1.883333333
227,1198.259188,219.53356,1197.670435,219.953685,1198.352963,220.355383,1189.851514,197.730774,1121.43307,219.977658,NaN,NaN,NaN,NaN,0,0,0,0,1198.094195,219.9475427,1121.43307,219.977658,1189.851514,197.730774,,76.66112533,-0.030115333,#VALUE!,#VALUE!,#VALUE!,#VALUE!,#VALUE!,#VALUE!,1.891666667
228,1201.048162,220.369196,1201.085016,220.37757,1201.117574,220.461524,1193.892581,198.026623,1125.036224,219.8804,NaN,NaN,NaN,NaN,0,0,0,0,1201.083584,220.4027633,1125.036224,219.8804,1193.892581,198.026623,,76.04736,0.522363333,#VALUE!,#VALUE!,#VALUE!,#VALUE!,#VALUE!,#VALUE!,1.9
229,1204.456907,221.401452,1204.252164,220.613062,1204.358211,221.515631,1198.55535,198.766246,1127.32914,220.026287,NaN,NaN,NaN,NaN,0,0,0,0,1204.355761,221.176715,1127.32914,220.026287,1198.55535,198.766246,,77.02662067,1.150428,#VALUE!,#VALUE!,#VALUE!,#VALUE!,#VALUE!,#VALUE!,1.908333333
230,1207.24588,221.155677,1207.617258,221.178243,1207.18864,222.101246,1202.789412,199.957673,1131.083475,220.488264,NaN,NaN,NaN,NaN,0,0,0,0,1207.350593,221.4783887,1131.083475,220.488264,1202.789412,199.957673,,76.26711767,0.990124667,#VALUE!,#VALUE!,#VALUE!,#VALUE!,#VALUE!,#VALUE!,1.916666667
231,1210.55133,222.187933,1210.734919,221.366636,1210.839484,222.335492,1205.690691,200.658945,1133.733852,220.996855,NaN,NaN,NaN,NaN,0,0,0,0,1210.708578,221.9633537,1133.733852,220.996855,1205.690691,200.658945,,76.97472567,0.966498667,#VALUE!,#VALUE!,#VALUE!,#VALUE!,#VALUE!,#VALUE!,1.925
232,1214.06337,222.433708,1213.555659,221.602128,1214.285224,222.725902,1208.82223,200.878093,1136.488711,221.175162,NaN,NaN,NaN,NaN,0,0,0,0,1213.968084,222.2539127,1136.488711,221.175162,1208.82223,200.878093,,77.47937333,1.078750667,#VALUE!,#VALUE!,#VALUE!,#VALUE!,#VALUE!,#VALUE!,1.933333333
233,1217.058934,222.433708,1217.217674,222.167309,1217.279736,222.491656,1211.907717,201.316388,1139.411549,221.888389,NaN,NaN,NaN,NaN,0,0,0,0,1217.185448,222.3642243,1139.411549,221.888389,1211.907717,201.316388,,77.773899,0.475835333,#VALUE!,#VALUE!,#VALUE!,#VALUE!,#VALUE!,#VALUE!,1.941666667
234,1219.951203,222.433708,1220.533281,222.638292,1220.315269,222.921107,1215.59188,202.061489,1142.535962,222.261212,NaN,NaN,NaN,NaN,0,0,0,0,1220.266584,222.664369,1142.535962,222.261212,1215.59188,202.061489,,77.73062233,0.403157,#VALUE!,#VALUE!,#VALUE!,#VALUE!,#VALUE!,#VALUE!,1.95
235,1223.773129,222.630329,1223.205562,222.638292,1223.597171,222.618686,1218.493158,202.981909,1145.475598,222.828551,NaN,NaN,NaN,NaN,0,0,0,0,1223.525287,222.6291023,1145.475598,222.828551,1218.493158,202.981909,,78.04968933,-0.199448667,#VALUE!,#VALUE!,#VALUE!,#VALUE!,#VALUE!,#VALUE!,1.958333333
236,1226.255457,222.776176,1226.323222,223.156375,1226.222497,223.104529,1222.13127,203.639351,1148.415234,223.412101,NaN,NaN,NaN,NaN,0,0,0,0,1226.267059,223.01236,1148.415234,223.412101,1222.13127,203.639351,,77.85182467,-0.399741,#VALUE!,#VALUE!,#VALUE!,#VALUE!,#VALUE!,#VALUE!,1.966666667
237,1229.331362,222.994643,1229.19345,223.344768,1229.139525,223.486264,1227.196994,203.157227,1151.35487,223.849762,NaN,NaN,NaN,NaN,0,0,0,0,1229.221446,223.275225,1151.35487,223.849762,1227.196994,203.157227,,77.86657567,-0.574537,#VALUE!,#VALUE!,#VALUE!,#VALUE!,#VALUE!,#VALUE!,1.975
238,1232.499084,222.994643,1232.422309,223.491443,1232.348257,223.312748,1230.282481,202.981909,1153.793889,224.233595,NaN,NaN,NaN,NaN,0,0,0,0,1232.423217,223.266278,1153.793889,224.233595,1230.282481,202.981909,,78.62932767,-0.967317,#VALUE!,#VALUE!,#VALUE!,#VALUE!,#VALUE!,#VALUE!,1.983333333
239,1235.115899,223.47527,1234.929634,223.323982,1234.645417,223.312748,1231.940355,203.639351,1157.636258,224.886786,NaN,NaN,NaN,NaN,0,0,0,0,1234.896983,223.3706667,1157.636258,224.886786,1231.940355,203.639351,,77.26072533,-1.516119333,#VALUE!,#VALUE!,#VALUE!,#VALUE!,#VALUE!,#VALUE!,1.991666667
240,1237.819076,223.402388,1237.920829,223.282117,1238.145851,223.104529,1234.933737,204.559771,1161.020727,225.040478,NaN,NaN,NaN,NaN,0,0,0,0,1237.961919,223.2630113,1161.020727,225.040478,1234.933737,204.559771,,76.94119167,-1.777466667,#VALUE!,#VALUE!,#VALUE!,#VALUE!,#VALUE!,#VALUE!,2
241,1241.469204,223.402388,1240.956012,223.491443,1240.588863,223.312748,1238.710005,204.822748,1164.033181,225.220081,NaN,NaN,NaN,NaN,0,0,0,0,1241.004693,223.402193,1164.033181,225.220081,1238.710005,204.822748,,76.971512,-1.817888,#VALUE!,#VALUE!,#VALUE!,#VALUE!,#VALUE!,#VALUE!,2.008333333
242,1244.314156,222.584984,1244.431076,223.282117,1242.740172,223.312748,1242.749372,204.79339,1167.152202,225.527465,NaN,NaN,NaN,NaN,0,0,0,0,1243.828468,223.0599497,1167.152202,225.527465,1242.749372,204.79339,,76.676266,-2.467515333,#VALUE!,#VALUE!,#VALUE!,#VALUE!,#VALUE!,#VALUE!,2.016666667
243,1246.568647,223.044773,1246.894413,223.072791,1245.948903,223.312748,1246.673756,204.79339,1169.682058,225.826449,NaN,NaN,NaN,NaN,0,0,0,0,1246.470654,223.1434373,1169.682058,225.826449,1246.673756,204.79339,,76.78859633,-2.683011667,#VALUE!,#VALUE!,#VALUE!,#VALUE!,#VALUE!,#VALUE!,2.025
244,1249.896705,222.636071,1250.149537,222.612273,1248.46484,223.312748,1249.390637,204.79339,1173.016879,226.099679,NaN,NaN,NaN,NaN,0,0,0,0,1249.503694,222.8536973,1173.016879,226.099679,1249.390637,204.79339,,76.486815,-3.245981667,#VALUE!,#VALUE!,#VALUE!,#VALUE!,#VALUE!,#VALUE!,2.033333333
245,1252.151195,222.584984,1252.436921,222.193621,1252.296662,222.236111,1251.590017,205.039653,1176.147206,226.251473,NaN,NaN,NaN,NaN,0,0,0,0,1252.294926,222.3382387,1176.147206,226.251473,1251.590017,205.039653,,76.14772,-3.913234333,#VALUE!,#VALUE!,#VALUE!,#VALUE!,#VALUE!,#VALUE!,2.041666667
246,1254.996148,222.329545,1255.516093,222.402947,1254.338583,222.236111,1255.686901,205.203828,1179.041579,226.524703,NaN,NaN,NaN,NaN,0,0,0,0,1254.950275,222.3228677,1179.041579,226.524703,1255.686901,205.203828,,75.90869567,-4.201835333,#VALUE!,#VALUE!,#VALUE!,#VALUE!,#VALUE!,#VALUE!,2.05
247,1257.465352,222.329545,1258.287347,222.193621,1256.963908,222.236111,1258.446907,205.450091,1182.046064,227.389932,NaN,NaN,NaN,NaN,0,0,0,0,1257.572202,222.2530923,1182.046064,227.389932,1258.446907,205.450091,,75.52613833,-5.136839667,#VALUE!,#VALUE!,#VALUE!,#VALUE!,#VALUE!,#VALUE!,2.058333333
248,1259.719842,221.76758,1260.35479,222.193621,1259.443383,222.421194,1261.293163,205.450091,1185.569648,227.481009,NaN,NaN,NaN,NaN,0,0,0,0,1259.839338,222.127465,1185.569648,227.481009,1261.293163,205.450091,,74.26969033,-5.353544,#VALUE!,#VALUE!,#VALUE!,#VALUE!,#VALUE!,#VALUE!,2.066666667
249,1261.491228,221.256702,1262.598186,221.523777,1261.777006,221.773403,1264.268794,205.65531,1188.306718,227.693521,NaN,NaN,NaN,NaN,0,0,0,0,1261.955473,221.5179607,1188.306718,227.693521,1264.268794,205.65531,,73.64875533,-6.175560333,#VALUE!,#VALUE!,#VALUE!,#VALUE!,#VALUE!,#VALUE!,2.075
250,1263.477327,221.256702,1265.36944,221.021395,1264.305097,221.264424,1267.244426,206.065748,1191.075249,227.997111,NaN,NaN,NaN,NaN,0,0,0,0,1264.383955,221.1808403,1191.075249,227.997111,1267.244426,206.065748,,73.30870567,-6.816270667,#VALUE!,#VALUE!,#VALUE!,#VALUE!,#VALUE!,#VALUE!,2.083333333
251,1266.000209,220.694737,1267.52486,220.644608,1266.590103,220.986799,1270.220057,206.763493,1193.953892,228.103367,NaN,NaN,NaN,NaN,0,0,0,0,1266.705057,220.7753813,1193.953892,228.103367,1270.220057,206.763493,,72.75116533,-7.327985667,#VALUE!,#VALUE!,#VALUE!,#VALUE!,#VALUE!,#VALUE!,2.091666667
252,1268.606625,219.899653,1269.988197,220.142225,1269.215429,220.292737,1272.678188,207.789588,1197.102526,228.271365,NaN,NaN,NaN,NaN,0,0,0,0,1269.270084,220.1115383,1197.102526,228.271365,1272.678188,207.789588,,72.16755767,-8.159826667,#VALUE!,#VALUE!,#VALUE!,#VALUE!,#VALUE!,#VALUE!,2.1
253,1271.556463,219.600985,1272.363558,219.556112,1271.694903,219.598675,1276.516321,208.24107,1200.218029,228.287357,1218.895107,199.776259,NaN,NaN,0,0,0,0,1271.871641,219.5852573,1200.218029,228.287357,1276.516321,208.24107,,71.65361233,-8.702099667,#VALUE!,#VALUE!,57.621214,8.464811,#VALUE!,15.28170289,2.108333333
254,1273.941437,218.943917,1274.431001,219.556112,1274.028526,219.135967,1279.707578,208.651508,1203.118099,228.511238,NaN,NaN,NaN,NaN,0,0,0,0,1274.133655,219.2119987,1203.118099,228.511238,1279.707578,208.651508,,71.01555567,-9.299239333,#VALUE!,#VALUE!,#VALUE!,#VALUE!,#VALUE!,#VALUE!,2.116666667
255,1276.138125,218.286849,1276.674397,218.886268,1276.556617,218.626988,1281.906958,208.897771,1205.985024,228.575204,NaN,NaN,NaN,NaN,0,0,0,0,1276.45638,218.600035,1205.985024,228.575204,1281.906958,208.897771,,70.47135567,-9.975169,#VALUE!,#VALUE!,#VALUE!,#VALUE!,#VALUE!,#VALUE!,2.125
