frame,pt1_cam1_X,pt1_cam1_Y,pt2_cam1_X,pt2_cam1_Y,pt3_cam1_X,pt3_cam1_Y,pt4_cam1_X,pt4_cam1_Y,pt5_cam1_X,pt5_cam1_Y,pt6_cam1_X,pt6_cam1_Y,pt7_cam1_X,pt7_cam1_Y,pt8_cam1_X,pt8_cam1_Y,leftx,lefty,rightx,righty,eyex,eyey,tailx,taily,wristx,wristy,,body vector x,body vector y,wing vec down x,wing vec down y,wing vec up x,wing vec  up y,downangle,upangle,time
0,1409.527676,509.035533,1408.713616,508.152282,1408.618992,507.585094,1483.428606,525.998292,1538.04178,533.821464,NaN,NaN,NaN,NaN,NaN,NaN,98.959032,666.998152,1788.06645,644.993551,1408.953428,508.2576363,1538.04178,533.821464,1483.428606,525.998292,,#VALUE!,#VALUE!,#VALUE!,#VALUE!,#VALUE!,#VALUE!,#VALUE!,#VALUE!,0
1,1408.33283,507.149385,1406.904804,506.677585,1403.874247,506.60512,1479.290288,526.710561,1534.953007,532.266474,NaN,NaN,NaN,NaN,NaN,NaN,0,0,0,0,1406.370627,506.8106967,1534.953007,532.266474,1479.290288,526.710561,,#VALUE!,#VALUE!,#VALUE!,#VALUE!,#VALUE!,#VALUE!,#VALUE!,#VALUE!,0.008333333
2,1405.727628,505.483913,1403.477582,505.645297,1400.921962,504.318513,1473.575467,527.422831,1528.416301,531.010521,NaN,NaN,NaN,NaN,NaN,NaN,0,0,0,0,1403.375724,505.149241,1528.416301,531.010521,1473.575467,527.422831,,#VALUE!,#VALUE!,#VALUE!,#VALUE!,#VALUE!,#VALUE!,#VALUE!,#VALUE!,0.016666667
3,1399.648826,504.779291,1398.479549,503.826503,1397.020728,503.556311,1468.353304,528.135101,1524.321881,529.933989,NaN,NaN,NaN,NaN,NaN,NaN,0,0,0,0,1398.383034,504.054035,1524.321881,529.933989,1468.353304,528.135101,,#VALUE!,#VALUE!,#VALUE!,#VALUE!,#VALUE!,#VALUE!,#VALUE!,#VALUE!,0.025
4,1397.8663,503.911006,1396.718337,503.826503,1392.5923,502.576337,1463.525265,528.847371,1521.376772,529.335916,NaN,NaN,NaN,NaN,NaN,NaN,0,0,0,0,1395.725646,503.4379487,1521.376772,529.335916,1463.525265,528.847371,,#VALUE!,#VALUE!,#VALUE!,#VALUE!,#VALUE!,#VALUE!,#VALUE!,#VALUE!,0.033333333
5,1392.490488,502.459056,1392.719911,501.86024,1389.776933,501.367955,1459.091353,529.559641,1520.011965,528.079962,NaN,NaN,NaN,NaN,NaN,NaN,0,0,0,0,1391.662444,501.8957503,1520.011965,528.079962,1459.091353,529.559641,,#VALUE!,#VALUE!,#VALUE!,#VALUE!,#VALUE!,#VALUE!,#VALUE!,#VALUE!,0.041666667
6,1388.85585,500.999952,1388.483484,500.729639,1386.824648,500.85982,1453.967721,528.847371,1516.85136,527.123045,NaN,NaN,NaN,NaN,NaN,NaN,0,0,0,0,1388.054661,500.863137,1516.85136,527.123045,1453.967721,528.847371,,#VALUE!,#VALUE!,#VALUE!,#VALUE!,#VALUE!,#VALUE!,#VALUE!,#VALUE!,0.05
7,1384.327762,499.52665,1384.151856,499.451568,1384.223825,499.988732,1447.563181,528.135101,1512.613276,525.986706,NaN,NaN,NaN,NaN,NaN,NaN,0,0,0,0,1384.234481,499.65565,1512.613276,525.986706,1447.563181,528.135101,,#VALUE!,#VALUE!,#VALUE!,#VALUE!,#VALUE!,#VALUE!,#VALUE!,#VALUE!,0.058333333
8,1383.893562,499.654763,1382.485845,499.451568,1381.27154,499.335416,1442.53808,526.710561,1508.734352,525.149404,NaN,NaN,NaN,NaN,NaN,NaN,0,0,0,0,1382.550316,499.4805823,1508.734352,525.149404,1442.53808,526.710561,,#VALUE!,#VALUE!,#VALUE!,#VALUE!,#VALUE!,#VALUE!,#VALUE!,#VALUE!,0.066666667
9,1377.194473,498.053348,1376.726207,496.600486,1376.140187,497.157695,1438.104167,525.794786,1504.280772,523.773835,NaN,NaN,NaN,NaN,NaN,NaN,0,0,0,0,1376.686956,497.2705097,1504.280772,523.773835,1438.104167,525.794786,,#VALUE!,#VALUE!,#VALUE!,#VALUE!,#VALUE!,#VALUE!,#VALUE!,#VALUE!,0.075
10,1376.512158,497.733065,1373.727388,496.797112,1372.063221,496.64956,1435.640883,523.149213,1500.186352,522.218845,NaN,NaN,NaN,NaN,NaN,NaN,0,0,0,0,1374.100922,497.0599123,1500.186352,522.218845,1435.640883,523.149213,,#VALUE!,#VALUE!,#VALUE!,#VALUE!,#VALUE!,#VALUE!,#VALUE!,#VALUE!,0.083333333
11,1372.604357,497.028443,1371.728175,496.797112,1365.87748,495.923653,1432.192284,519.384358,1496.666587,521.800194,NaN,NaN,NaN,NaN,NaN,NaN,0,0,0,0,1370.070004,496.5830693,1496.666587,521.800194,1432.192284,519.384358,,#VALUE!,#VALUE!,#VALUE!,#VALUE!,#VALUE!,#VALUE!,#VALUE!,#VALUE!,0.091666667
12,1368.209288,496.398531,1368.443753,496.10892,1364.19046,495.125156,1432.487878,515.619503,1494.15247,520.54424,NaN,NaN,NaN,NaN,NaN,NaN,0,0,0,0,1366.947834,495.8775357,1494.15247,520.54424,1432.487878,515.619503,,#VALUE!,#VALUE!,#VALUE!,#VALUE!,#VALUE!,#VALUE!,#VALUE!,#VALUE!,0.1
13,1365.011369,495.7722,1365.730536,496.354703,1361.09759,494.762202,1431.89669,509.717839,1491.063697,520.005974,NaN,NaN,NaN,NaN,NaN,NaN,0,0,0,0,1363.946498,495.6297017,1491.063697,520.005974,1431.89669,509.717839,,#VALUE!,#VALUE!,#VALUE!,#VALUE!,#VALUE!,#VALUE!,#VALUE!,#VALUE!,0.108333333
14,1363.191864,495.08893,1363.493321,495.764824,1359.1294,494.399249,1430.123125,502.289883,1487.112941,518.809828,NaN,NaN,NaN,NaN,NaN,NaN,0,0,0,0,1361.938195,495.0843343,1487.112941,518.809828,1430.123125,502.289883,,#VALUE!,#VALUE!,#VALUE!,#VALUE!,#VALUE!,#VALUE!,#VALUE!,#VALUE!,0.116666667
15,1357.84155,495.811367,1357.16248,495.322415,1354.841557,494.762202,1426.97012,495.268938,1484.024168,517.613682,NaN,NaN,1488.469103,540.585286,1388.137739,505.940214,0,0,0,0,1356.615196,495.2986613,1484.024168,517.613682,1426.97012,495.268938,,-95.886429,-11.673468,-61.498983,-45.316348,#VALUE!,#VALUE!,29.44395938,#VALUE!,0.125
16,1352.771059,495.202808,1352.926052,495.076632,1351.748686,494.108886,1424.900961,490.588308,1484.598823,517.374452,NaN,NaN,NaN,NaN,NaN,NaN,0,0,0,0,1352.481932,494.7961087,1484.598823,517.374452,1424.900961,490.588308,,#VALUE!,#VALUE!,#VALUE!,#VALUE!,#VALUE!,#VALUE!,#VALUE!,#VALUE!,0.133333333
17,1347.919044,495.08893,1347.909514,495.376384,1347.039088,495.125156,1419.777329,483.974375,1478.636773,517.494067,NaN,NaN,NaN,NaN,NaN,NaN,0,0,0,0,1347.622549,495.1968233,1478.636773,517.494067,1419.777329,483.974375,,#VALUE!,#VALUE!,#VALUE!,#VALUE!,#VALUE!,#VALUE!,#VALUE!,#VALUE!,0.141666667
18,1344.16976,495.886079,1343.932244,495.900721,1342.540368,495.415518,1415.186089,481.242424,1474.111361,516.656765,NaN,NaN,NaN,NaN,NaN,NaN,0,0,0,0,1343.547457,495.734106,1474.111361,516.656765,1415.186089,481.242424,,#VALUE!,#VALUE!,#VALUE!,#VALUE!,#VALUE!,#VALUE!,#VALUE!,#VALUE!,0.15
19,1340.105334,496.378334,1340.378087,496.99309,1338.533695,496.286607,1409.230414,477.262757,1468.292975,516.656765,NaN,NaN,NaN,NaN,NaN,NaN,0,0,0,0,1339.672372,496.552677,1468.292975,516.656765,1409.230414,477.262757,,#VALUE!,#VALUE!,#VALUE!,#VALUE!,#VALUE!,#VALUE!,#VALUE!,#VALUE!,0.158333333
20,1336.787985,497.77088,1335.723835,497.7359,1334.553842,498.159099,1403.887823,476.991417,1462.977412,517.075416,NaN,NaN,NaN,NaN,NaN,NaN,0,0,0,0,1335.688554,497.8886263,1462.977412,517.075416,1403.887823,476.991417,,#VALUE!,#VALUE!,#VALUE!,#VALUE!,#VALUE!,#VALUE!,#VALUE!,#VALUE!,0.166666667
21,1329.72254,498.338381,1329.715618,498.347626,1327.618315,497.513848,1397.669398,476.810523,1458.236504,516.955801,NaN,NaN,NaN,NaN,NaN,NaN,0,0,0,0,1329.018824,498.0666183,1458.236504,516.955801,1397.669398,476.810523,,#VALUE!,#VALUE!,#VALUE!,#VALUE!,#VALUE!,#VALUE!,#VALUE!,#VALUE!,0.175
22,1325.247758,499.635527,1323.66509,499.221521,1324.744132,499.4496,1391.275806,477.805439,1452.777278,517.075416,NaN,NaN,NaN,NaN,NaN,NaN,0,0,0,0,1324.552327,499.4355493,1452.777278,517.075416,1391.275806,477.805439,,#VALUE!,#VALUE!,#VALUE!,#VALUE!,#VALUE!,#VALUE!,#VALUE!,#VALUE!,0.183333333
23,1319.830917,500.851602,1320.110933,500.881921,1320.807752,501.127251,1385.32013,479.162144,1447.389883,516.53715,NaN,NaN,NaN,NaN,NaN,NaN,0,0,0,0,1320.249867,500.9535913,1447.389883,516.53715,1385.32013,479.162144,,#VALUE!,#VALUE!,#VALUE!,#VALUE!,#VALUE!,#VALUE!,#VALUE!,#VALUE!,0.191666667
24,1313.157997,501.013745,1313.933471,501.0567,1312.934991,500.804626,1380.24029,479.162144,1443.439127,516.776379,NaN,NaN,NaN,NaN,NaN,NaN,0,0,0,0,1313.342153,500.958357,1443.439127,516.776379,1380.24029,479.162144,,#VALUE!,#VALUE!,#VALUE!,#VALUE!,#VALUE!,#VALUE!,#VALUE!,#VALUE!,0.2
25,1308.76172,502.148748,1308.602236,502.192763,1308.248824,501.772502,1375.598367,479.704825,1439.416539,516.656765,NaN,NaN,NaN,NaN,NaN,NaN,0,0,0,0,1308.537593,502.0380043,1439.416539,516.656765,1375.598367,479.704825,,#VALUE!,#VALUE!,#VALUE!,#VALUE!,#VALUE!,#VALUE!,#VALUE!,#VALUE!,0.208333333
26,1304.993482,502.554106,1304.624965,502.891879,1303.93755,502.159652,1372.445362,481.06153,1435.178455,516.53715,NaN,NaN,NaN,NaN,NaN,NaN,0,0,0,0,1304.518666,502.5352123,1435.178455,516.53715,1372.445362,481.06153,,#VALUE!,#VALUE!,#VALUE!,#VALUE!,#VALUE!,#VALUE!,#VALUE!,#VALUE!,0.216666667
27,1300.5187,502.716249,1300.563072,503.416216,1299.063936,503.127528,1367.715856,482.508681,1431.874186,517.075416,NaN,NaN,NaN,NaN,NaN,NaN,0,0,0,0,1300.048569,503.0866643,1431.874186,517.075416,1367.715856,482.508681,,#VALUE!,#VALUE!,#VALUE!,#VALUE!,#VALUE!,#VALUE!,#VALUE!,#VALUE!,0.225
28,1295.886327,503.02283,1297.008916,504.333805,1294.815144,504.418029,1365.088352,483.503597,1427.851598,516.776379,NaN,NaN,NaN,NaN,NaN,NaN,0,0,0,0,1295.903462,503.924888,1427.851598,516.776379,1365.088352,483.503597,,#VALUE!,#VALUE!,#VALUE!,#VALUE!,#VALUE!,#VALUE!,#VALUE!,#VALUE!,0.233333333
29,1291.352666,503.266045,1291.695586,503.310966,1290.628835,504.418029,1361.409847,484.860302,1421.817716,516.776379,NaN,NaN,NaN,NaN,NaN,NaN,0,0,0,0,1291.225696,503.6650133,1421.817716,516.776379,1361.409847,484.860302,,#VALUE!,#VALUE!,#VALUE!,#VALUE!,#VALUE!,#VALUE!,#VALUE!,#VALUE!,0.241666667
30,1287.113399,504.421315,1287.295202,503.660524,1285.067917,504.159929,1356.68034,486.488347,1416.717648,516.53715,NaN,NaN,NaN,NaN,NaN,NaN,0,0,0,0,1286.492173,504.0805893,1416.717648,516.53715,1356.68034,486.488347,,#VALUE!,#VALUE!,#VALUE!,#VALUE!,#VALUE!,#VALUE!,#VALUE!,#VALUE!,0.25
31,1282.697496,504.846941,1281.766514,503.039088,1278.694729,504.611604,1352.651501,488.206839,1412.551396,516.53715,NaN,NaN,NaN,NaN,NaN,NaN,0,0,0,0,1281.052913,504.1658777,1412.551396,516.53715,1352.651501,488.206839,,#VALUE!,#VALUE!,#VALUE!,#VALUE!,#VALUE!,#VALUE!,#VALUE!,#VALUE!,0.258333333
32,1276.515231,503.995689,1276.237826,504.476159,1272.446506,504.418029,1348.009578,489.201756,1409.31896,516.656765,NaN,NaN,NaN,NaN,NaN,NaN,0,0,0,0,1275.066521,504.2966257,1409.31896,516.656765,1348.009578,489.201756,,#VALUE!,#VALUE!,#VALUE!,#VALUE!,#VALUE!,#VALUE!,#VALUE!,#VALUE!,0.266666667
33,1272.511479,505.272567,1272.928136,505.485993,1266.573177,505.514955,1343.455238,489.834884,1404.290724,516.53715,NaN,NaN,NaN,NaN,NaN,NaN,0,0,0,0,1270.670931,505.424505,1404.290724,516.53715,1343.455238,489.834884,,#VALUE!,#VALUE!,#VALUE!,#VALUE!,#VALUE!,#VALUE!,#VALUE!,#VALUE!,0.275
34,1266.623608,503.570063,1266.195924,505.097595,1262.761761,504.869705,1338.971648,491.200876,1399.477985,516.656765,NaN,NaN,NaN,NaN,NaN,NaN,0,0,0,0,1265.193764,504.5124543,1399.477985,516.656765,1338.971648,491.200876,,#VALUE!,#VALUE!,#VALUE!,#VALUE!,#VALUE!,#VALUE!,#VALUE!,#VALUE!,0.283333333
35,1261.383403,504.542923,1261.231388,504.942236,1258.075593,505.19233,1334.709254,492.467133,1395.096237,516.656765,NaN,NaN,NaN,NaN,NaN,NaN,0,0,0,0,1260.230128,504.8924963,1395.096237,516.656765,1334.709254,492.467133,,#VALUE!,#VALUE!,#VALUE!,#VALUE!,#VALUE!,#VALUE!,#VALUE!,#VALUE!,0.291666667
36,1255.554411,502.718811,1257.282325,504.748038,1253.139497,505.32138,1329.80458,493.130411,1390.35533,516.776379,NaN,NaN,NaN,NaN,NaN,NaN,0,0,0,0,1255.325411,504.262743,1390.35533,516.776379,1329.80458,493.130411,,#VALUE!,#VALUE!,#VALUE!,#VALUE!,#VALUE!,#VALUE!,#VALUE!,#VALUE!,0.3
37,1250.255327,502.718811,1252.994771,504.476159,1248.328366,504.288979,1324.316017,494.818754,1385.9969,516.656408,NaN,NaN,NaN,NaN,NaN,NaN,0,0,0,0,1250.526155,503.827983,1385.9969,516.656408,1324.316017,494.818754,,#VALUE!,#VALUE!,#VALUE!,#VALUE!,#VALUE!,#VALUE!,#VALUE!,#VALUE!,0.308333333
38,1245.309516,502.293185,1250.023572,504.748038,1244.247974,504.30801,1319.995233,495.662926,1380.945608,516.656408,NaN,NaN,NaN,NaN,NaN,NaN,0,0,0,0,1246.527021,503.7830777,1380.945608,516.656408,1319.995233,495.662926,,#VALUE!,#VALUE!,#VALUE!,#VALUE!,#VALUE!,#VALUE!,#VALUE!,#VALUE!,0.316666667
39,1241.188006,502.718811,1243.705071,503.233287,1239.971412,503.677098,1314.273114,496.507097,1376.575388,516.656408,NaN,NaN,NaN,NaN,NaN,NaN,0,0,0,0,1241.621496,503.209732,1376.575388,516.656408,1314.273114,496.507097,,#VALUE!,#VALUE!,#VALUE!,#VALUE!,#VALUE!,#VALUE!,#VALUE!,#VALUE!,0.325
40,1236.654345,502.718811,1238.552484,502.844889,1234.195277,503.619742,1309.36844,497.471865,1371.864633,516.325622,NaN,NaN,NaN,NaN,NaN,NaN,0,0,0,0,1236.467369,503.0611473,1371.864633,516.325622,1309.36844,497.471865,,#VALUE!,#VALUE!,#VALUE!,#VALUE!,#VALUE!,#VALUE!,#VALUE!,#VALUE!,0.333333333
41,1232.068955,502.123791,1233.437508,502.495331,1231.25167,502.702053,1304.989267,498.49693,1367.55117,516.325622,NaN,NaN,NaN,NaN,NaN,NaN,0,0,0,0,1232.252711,502.4403917,1367.55117,516.325622,1304.989267,498.49693,,#VALUE!,#VALUE!,#VALUE!,#VALUE!,#VALUE!,#VALUE!,#VALUE!,#VALUE!,0.341666667
42,1227.123143,501.62216,1227.495109,501.873895,1225.975393,501.497585,1300.493317,499.461698,1363.464731,515.94758,NaN,NaN,NaN,NaN,NaN,NaN,0,0,0,0,1226.864548,501.6645467,1363.464731,515.94758,1300.493317,499.461698,,#VALUE!,#VALUE!,#VALUE!,#VALUE!,#VALUE!,#VALUE!,#VALUE!,#VALUE!,0.35
43,1223.855375,501.62216,1224.627316,501.92232,1221.92099,501.899074,1295.880588,499.763188,1358.299926,515.900325,NaN,NaN,NaN,NaN,NaN,NaN,0,0,0,0,1223.467894,501.814518,1358.299926,515.900325,1295.880588,499.763188,,#VALUE!,#VALUE!,#VALUE!,#VALUE!,#VALUE!,#VALUE!,#VALUE!,#VALUE!,0.358333333
44,1217.628951,500.846913,1216.453383,501.456243,1216.589173,501.268163,1291.20947,500.727955,1353.702683,515.144243,NaN,NaN,NaN,NaN,NaN,NaN,0,0,0,0,1216.890502,501.1904397,1353.702683,515.144243,1291.20947,500.727955,,#VALUE!,#VALUE!,#VALUE!,#VALUE!,#VALUE!,#VALUE!,#VALUE!,#VALUE!,0.366666667
45,1212.329867,500.755707,1209.081799,500.36873,1208.813607,500.579895,1286.304797,501.994213,1350.354073,514.813456,NaN,NaN,NaN,NaN,NaN,NaN,0,0,0,0,1210.075091,500.5681107,1350.354073,514.813456,1286.304797,501.994213,,#VALUE!,#VALUE!,#VALUE!,#VALUE!,#VALUE!,#VALUE!,#VALUE!,#VALUE!,0.375
46,1208.664668,499.478829,1207.577394,500.36873,1206.369858,500.579895,1281.518019,503.956334,1345.075757,514.671691,NaN,NaN,NaN,NaN,NaN,NaN,0,0,0,0,1207.537307,500.1424847,1345.075757,514.671691,1281.518019,503.956334,,#VALUE!,#VALUE!,#VALUE!,#VALUE!,#VALUE!,#VALUE!,#VALUE!,#VALUE!,0.383333333
47,1202.61488,498.749185,1203.816382,499.643721,1200.815882,498.572449,1277.158309,505.081896,1339.683928,514.246394,NaN,NaN,NaN,NaN,NaN,NaN,0,0,0,0,1202.415715,498.9884517,1339.683928,514.246394,1277.158309,505.081896,,#VALUE!,#VALUE!,#VALUE!,#VALUE!,#VALUE!,#VALUE!,#VALUE!,#VALUE!,0.391666667
48,1197.757387,497.791526,1197.548028,497.727626,1196.261621,496.966492,1272.227685,505.671476,1335.540733,513.679332,1338.647619,498.837053,NaN,NaN,1227.571354,507.929868,0,0,0,0,1197.189012,497.4952147,1335.540733,513.679332,1272.227685,505.671476,,-107.969379,-5.749464,#VALUE!,#VALUE!,-66.419934,6.834423,#VALUE!,8.923068875,0.4
49,1192.414144,497.335498,1192.834226,497.468694,1192.396829,497.147112,1267.348962,506.207458,1331.567806,513.348546,NaN,NaN,NaN,NaN,NaN,NaN,0,0,0,0,1192.5484,497.3171013,1331.567806,513.348546,1267.348962,506.207458,,#VALUE!,#VALUE!,#VALUE!,#VALUE!,#VALUE!,#VALUE!,#VALUE!,#VALUE!,0.408333333
50,1188.48399,496.05862,1188.82248,496.847258,1188.842284,496.637285,1262.989252,506.421851,1327.59488,513.01776,NaN,NaN,NaN,NaN,NaN,NaN,0,0,0,0,1188.716251,496.5143877,1327.59488,513.01776,1262.989252,506.421851,,#VALUE!,#VALUE!,#VALUE!,#VALUE!,#VALUE!,#VALUE!,#VALUE!,#VALUE!,0.416666667
51,1182.610839,495.009756,1184.409559,495.759744,1184.15226,495.82156,1258.16243,508.565779,1323.621953,512.356188,NaN,NaN,NaN,NaN,NaN,NaN,0,0,0,0,1183.724219,495.5303533,1323.621953,512.356188,1258.16243,508.565779,,#VALUE!,#VALUE!,#VALUE!,#VALUE!,#VALUE!,#VALUE!,#VALUE!,#VALUE!,0.425
52,1179.82882,495.420181,1180.197225,495.190094,1180.548347,494.750922,1254.062227,509.530547,1318.684173,511.694616,NaN,NaN,NaN,NaN,NaN,NaN,0,0,0,0,1180.191464,495.120399,1318.684173,511.694616,1254.062227,509.530547,,#VALUE!,#VALUE!,#VALUE!,#VALUE!,#VALUE!,#VALUE!,#VALUE!,#VALUE!,0.433333333
53,1175.72203,494.91855,1178.291646,495.190094,1177.635595,494.241095,1248.820195,510.9241,1313.859905,510.844023,NaN,NaN,NaN,NaN,NaN,NaN,0,0,0,0,1177.216424,494.7832463,1313.859905,510.844023,1248.820195,510.9241,,#VALUE!,#VALUE!,#VALUE!,#VALUE!,#VALUE!,#VALUE!,#VALUE!,#VALUE!,0.441666667
54,1169.451448,493.504864,1171.131151,494.08371,1170.674612,493.935198,1240.723591,511.031296,1307.389138,509.474505,NaN,NaN,NaN,NaN,NaN,NaN,0,0,0,0,1170.41907,493.8412573,1307.389138,509.474505,1240.723591,511.031296,,#VALUE!,#VALUE!,#VALUE!,#VALUE!,#VALUE!,#VALUE!,#VALUE!,#VALUE!,0.45
55,1167.06686,494.052097,1167.48591,494.465608,1167.268173,493.884215,1236.72719,512.156858,1301.562179,508.466395,NaN,NaN,NaN,NaN,NaN,NaN,0,0,0,0,1167.273648,494.1339733,1301.562179,508.466395,1236.72719,512.156858,,#VALUE!,#VALUE!,#VALUE!,#VALUE!,#VALUE!,#VALUE!,#VALUE!,#VALUE!,0.458333333
56,1160.045574,492.775219,1161.14636,493.319915,1161.04772,493.068491,1233.094099,512.049662,1299.821659,507.899333,NaN,NaN,NaN,NaN,NaN,NaN,0,0,0,0,1160.746551,493.0545417,1299.821659,507.899333,1233.094099,512.049662,,#VALUE!,#VALUE!,#VALUE!,#VALUE!,#VALUE!,#VALUE!,#VALUE!,#VALUE!,0.466666667
57,1158.190894,492.866425,1159.191666,492.938017,1158.529918,492.711612,1228.993895,512.69284,1296.416293,506.702202,NaN,NaN,NaN,NaN,NaN,NaN,0,0,0,0,1158.637493,492.8386847,1296.416293,506.702202,1228.993895,512.69284,,#VALUE!,#VALUE!,#VALUE!,#VALUE!,#VALUE!,#VALUE!,#VALUE!,#VALUE!,0.475
58,1154.790649,492.227986,1155.599254,492.447006,1155.123479,491.997853,1224.01137,512.800037,1291.725029,505.882231,NaN,NaN,NaN,NaN,NaN,NaN,0,0,0,0,1155.171127,492.2242817,1291.725029,505.882231,1224.01137,512.800037,,#VALUE!,#VALUE!,#VALUE!,#VALUE!,#VALUE!,#VALUE!,#VALUE!,#VALUE!,0.483333333
59,1150.541663,492.187599,1150.844592,492.556119,1150.23598,491.284095,1218.613634,512.800037,1288.697464,505.253043,NaN,NaN,NaN,NaN,NaN,NaN,0,0,0,0,1150.540745,492.009271,1288.697464,505.253043,1218.613634,512.800037,,#VALUE!,#VALUE!,#VALUE!,#VALUE!,#VALUE!,#VALUE!,#VALUE!,#VALUE!,0.491666667
60,1146.514351,491.067873,1145.297486,491.028529,1145.299113,490.46837,1214.565332,512.049662,1283.551579,503.929899,NaN,NaN,NaN,NaN,NaN,NaN,0,0,0,0,1145.70365,490.854924,1283.551579,503.929899,1214.565332,512.049662,,#VALUE!,#VALUE!,#VALUE!,#VALUE!,#VALUE!,#VALUE!,#VALUE!,#VALUE!,0.5
61,1143.261523,491.334475,1142.761666,490.646631,1142.188886,490.927215,1208.752385,510.656109,1280.827286,502.732768,NaN,NaN,NaN,NaN,NaN,NaN,0,0,0,0,1142.737358,490.9694403,1280.827286,502.732768,1208.752385,510.656109,,#VALUE!,#VALUE!,#VALUE!,#VALUE!,#VALUE!,#VALUE!,#VALUE!,#VALUE!,0.508333333
62,1138.924418,490.694631,1138.323981,490.646631,1138.288761,490.366405,1204.631096,508.027819,1277.648945,501.850672,NaN,NaN,NaN,NaN,NaN,NaN,0,0,0,0,1138.512387,490.5692223,1277.648945,501.850672,1204.631096,508.027819,,#VALUE!,#VALUE!,#VALUE!,#VALUE!,#VALUE!,#VALUE!,#VALUE!,#VALUE!,0.516666667
63,1136.704234,491.334475,1134.520252,491.51954,1136.508519,490.787058,1201.955295,504.264034,1274.243579,500.968575,NaN,NaN,NaN,NaN,NaN,NaN,0,0,0,0,1135.911002,491.213691,1274.243579,500.968575,1201.955295,504.264034,,#VALUE!,#VALUE!,#VALUE!,#VALUE!,#VALUE!,#VALUE!,#VALUE!,#VALUE!,0.525
64,1129.475726,491.334475,1128.973146,490.646631,1131.198644,490.605786,1200.478991,501.738964,1270.989563,500.653541,NaN,NaN,NaN,NaN,NaN,NaN,0,0,0,0,1129.882505,490.8622973,1270.989563,500.653541,1200.478991,501.738964,,#VALUE!,#VALUE!,#VALUE!,#VALUE!,#VALUE!,#VALUE!,#VALUE!,#VALUE!,0.533333333
65,1126.945748,491.601076,1125.275075,491.028529,1128.214581,490.923012,1195.588735,495.259537,1267.811222,499.960465,NaN,NaN,NaN,NaN,NaN,NaN,0,0,0,0,1126.811801,491.1842057,1267.811222,499.960465,1195.588735,495.259537,,#VALUE!,#VALUE!,#VALUE!,#VALUE!,#VALUE!,#VALUE!,#VALUE!,#VALUE!,0.541666667
66,1119.149286,492.454201,1121.735493,491.028529,1122.68529,491.104284,1192.036379,489.732968,1263.876133,499.204383,NaN,NaN,NaN,NaN,NaN,NaN,0,0,0,0,1121.190023,491.5290047,1263.876133,499.204383,1192.036379,489.732968,,#VALUE!,#VALUE!,#VALUE!,#VALUE!,#VALUE!,#VALUE!,#VALUE!,#VALUE!,0.55
67,1116.825837,492.934083,1116.188387,492.174222,1117.155998,491.6481,1187.884274,484.015827,1259.310191,498.580752,NaN,NaN,NaN,NaN,NaN,NaN,0,0,0,0,1116.723407,492.252135,1259.310191,498.580752,1187.884274,484.015827,,#VALUE!,#VALUE!,#VALUE!,#VALUE!,#VALUE!,#VALUE!,#VALUE!,#VALUE!,0.558333333
68,1114.55402,494.427051,1113.388419,493.592699,1116.453866,494.185908,1184.193514,478.012829,1255.229358,498.46874,NaN,NaN,1251.790511,513.28198,1144.553699,500.669574,0,0,0,0,1114.798768,494.0685527,1255.229358,498.46874,1184.193514,478.012829,,-110.675659,2.200834,-67.596997,-35.269151,#VALUE!,#VALUE!,28.69278102,#VALUE!,0.566666667
69,1112.127307,495.546778,1112.01485,494.95662,1112.548255,494.36718,1178.703509,476.250044,1250.251639,498.46874,NaN,NaN,NaN,NaN,NaN,NaN,0,0,0,0,1112.230137,494.9568593,1250.251639,498.46874,1178.703509,476.250044,,#VALUE!,#VALUE!,#VALUE!,#VALUE!,#VALUE!,#VALUE!,#VALUE!,#VALUE!,0.575
70,1105.208593,496.666504,1104.565879,495.884085,1105.395283,495.545449,1174.043925,474.916044,1247.067692,498.207378,NaN,NaN,NaN,NaN,NaN,NaN,0,0,0,0,1105.056585,496.0320127,1247.067692,498.207378,1174.043925,474.916044,,#VALUE!,#VALUE!,#VALUE!,#VALUE!,#VALUE!,#VALUE!,#VALUE!,#VALUE!,0.583333333
71,1100.303534,498.052831,1100.110068,497.30351,1101.489672,497.222215,1168.7706,473.776667,1241.686373,498.730102,NaN,NaN,NaN,NaN,NaN,NaN,0,0,0,0,1100.634425,497.5261853,1241.686373,498.730102,1168.7706,473.776667,,#VALUE!,#VALUE!,#VALUE!,#VALUE!,#VALUE!,#VALUE!,#VALUE!,#VALUE!,0.591666667
72,1094.778888,499.439159,1095.461064,499.000833,1095.697081,498.944299,1162.127233,472.379144,1236.574121,499.700874,NaN,NaN,NaN,NaN,NaN,NaN,0,0,0,0,1095.312344,499.128097,1236.574121,499.700874,1162.127233,472.379144,,#VALUE!,#VALUE!,#VALUE!,#VALUE!,#VALUE!,#VALUE!,#VALUE!,#VALUE!,0.6
73,1088.737921,500.558885,1089.309353,500.019227,1089.50954,499.895977,1154.82773,472.675588,1231.775778,500.48496,NaN,NaN,NaN,NaN,NaN,NaN,0,0,0,0,1089.185605,500.1580297,1231.775778,500.48496,1154.82773,472.675588,,#VALUE!,#VALUE!,#VALUE!,#VALUE!,#VALUE!,#VALUE!,#VALUE!,#VALUE!,0.608333333
74,1084.306342,502.99557,1084.331633,502.39548,1084.594614,502.297832,1148.594447,473.988413,1226.842903,501.082359,NaN,NaN,NaN,NaN,NaN,NaN,0,0,0,0,1084.410863,502.5629607,1226.842903,501.082359,1148.594447,473.988413,,#VALUE!,#VALUE!,#VALUE!,#VALUE!,#VALUE!,#VALUE!,#VALUE!,#VALUE!,0.616666667
75,1079.07428,504.559632,1079.400872,503.850328,1080.294054,504.15587,1143.427384,475.047143,1221.41674,501.829107,NaN,NaN,NaN,NaN,NaN,NaN,0,0,0,0,1079.589735,504.18861,1221.41674,501.829107,1143.427384,475.047143,,#VALUE!,#VALUE!,#VALUE!,#VALUE!,#VALUE!,#VALUE!,#VALUE!,#VALUE!,0.625
76,1074.025798,506.218486,1074.188353,506.178086,1073.94909,506.067491,1137.604185,476.825809,1214.465871,502.575855,NaN,NaN,NaN,NaN,NaN,NaN,0,0,0,0,1074.054414,506.1546877,1214.465871,502.575855,1137.604185,476.825809,,#VALUE!,#VALUE!,#VALUE!,#VALUE!,#VALUE!,#VALUE!,#VALUE!,#VALUE!,0.633333333
77,1066.912028,507.972131,1067.097449,507.729925,1067.746922,507.316254,1132.437122,478.011587,1209.129396,503.135916,NaN,NaN,NaN,NaN,NaN,NaN,0,0,0,0,1067.252133,507.67277,1209.129396,503.135916,1132.437122,478.011587,,#VALUE!,#VALUE!,#VALUE!,#VALUE!,#VALUE!,#VALUE!,#VALUE!,#VALUE!,0.641666667
78,1062.689662,509.536192,1063.904195,508.942298,1063.885194,508.806713,1128.131236,478.604475,1204.734653,503.80799,NaN,NaN,NaN,NaN,NaN,NaN,0,0,0,0,1063.493017,509.0950677,1204.734653,503.80799,1128.131236,478.604475,,#VALUE!,#VALUE!,#VALUE!,#VALUE!,#VALUE!,#VALUE!,#VALUE!,#VALUE!,0.65
79,1058.100133,511.526816,1058.644716,510.979086,1058.580195,510.498585,1124.030392,479.790253,1200.295065,504.405388,NaN,NaN,NaN,NaN,NaN,NaN,0,0,0,0,1058.441681,511.0014957,1200.295065,504.405388,1124.030392,479.790253,,#VALUE!,#VALUE!,#VALUE!,#VALUE!,#VALUE!,#VALUE!,#VALUE!,#VALUE!,0.658333333
80,1052.730385,513.517441,1052.789795,512.995174,1053.002144,512.472436,1120.175598,481.780665,1194.43255,505.360296,NaN,NaN,NaN,NaN,NaN,NaN,0,0,0,0,1052.840775,512.995017,1194.43255,505.360296,1120.175598,481.780665,,#VALUE!,#VALUE!,#VALUE!,#VALUE!,#VALUE!,#VALUE!,#VALUE!,#VALUE!,0.666666667
81,1047.911379,514.939315,1048.031219,514.805652,1048.750343,514.808831,1115.008535,484.236918,1189.330263,505.596305,NaN,NaN,NaN,NaN,NaN,NaN,0,0,0,0,1048.23098,514.851266,1189.330263,505.596305,1115.008535,484.236918,,#VALUE!,#VALUE!,#VALUE!,#VALUE!,#VALUE!,#VALUE!,#VALUE!,#VALUE!,0.675
82,1041.623725,515.745044,1040.559421,515.236718,1043.016263,515.977029,1110.210547,486.904917,1184.653166,506.146994,NaN,NaN,NaN,NaN,NaN,NaN,0,0,0,0,1041.733136,515.6529303,1184.653166,506.146994,1110.210547,486.904917,,#VALUE!,#VALUE!,#VALUE!,#VALUE!,#VALUE!,#VALUE!,#VALUE!,#VALUE!,0.683333333
83,1033.500259,518.920563,1035.550394,517.952435,1035.838911,518.112011,1105.453568,489.784662,1180.165043,506.697682,NaN,NaN,NaN,NaN,NaN,NaN,0,0,0,0,1034.963188,518.3283363,1180.165043,506.697682,1105.453568,489.784662,,#VALUE!,#VALUE!,#VALUE!,#VALUE!,#VALUE!,#VALUE!,#VALUE!,#VALUE!,0.691666667
84,1029.369683,520.484625,1030.040464,520.06466,1030.84597,519.803883,1100.327897,492.442668,1175.53519,507.24837,NaN,NaN,NaN,NaN,NaN,NaN,0,0,0,0,1030.085372,520.1177227,1175.53519,507.24837,1100.327897,492.442668,,#VALUE!,#VALUE!,#VALUE!,#VALUE!,#VALUE!,#VALUE!,#VALUE!,#VALUE!,0.7
85,1024.418928,521.815043,1024.780986,520.754366,1025.618986,521.052646,1095.151721,494.626004,1170.291173,508.349747,NaN,NaN,NaN,NaN,NaN,NaN,0,0,0,0,1024.939633,521.2073517,1170.291173,508.349747,1095.151721,494.626004,,#VALUE!,#VALUE!,#VALUE!,#VALUE!,#VALUE!,#VALUE!,#VALUE!,#VALUE!,0.708333333
86,1020.420939,521.983561,1019.771959,521.745818,1019.40694,521.864312,1089.939093,495.943534,1165.897536,509.17578,NaN,NaN,NaN,NaN,NaN,NaN,0,0,0,0,1019.866613,521.8645637,1165.897536,509.17578,1089.939093,495.943534,,#VALUE!,#VALUE!,#VALUE!,#VALUE!,#VALUE!,#VALUE!,#VALUE!,#VALUE!,0.716666667
87,1016.300562,523.373838,1016.641317,522.952804,1015.592888,523.189164,1084.799368,497.524571,1160.275572,510.198487,NaN,NaN,NaN,NaN,NaN,NaN,0,0,0,0,1016.178256,523.1719353,1160.275572,510.198487,1084.799368,497.524571,,#VALUE!,#VALUE!,#VALUE!,#VALUE!,#VALUE!,#VALUE!,#VALUE!,#VALUE!,0.725
88,1008.42697,524.890504,1008.960809,524.461535,1008.935634,524.693051,1079.732547,499.369114,1156.448856,510.94585,NaN,NaN,NaN,NaN,NaN,NaN,0,0,0,0,1008.774471,524.6816967,1156.448856,510.94585,1079.732547,499.369114,,#VALUE!,#VALUE!,#VALUE!,#VALUE!,#VALUE!,#VALUE!,#VALUE!,#VALUE!,0.733333333
89,1006.020017,526.238652,1006.164102,525.668521,1006.231124,525.444994,1074.483467,501.477162,1151.488299,511.575208,NaN,NaN,NaN,NaN,NaN,NaN,0,0,0,0,1006.138414,525.7840557,1151.488299,511.575208,1074.483467,501.477162,,#VALUE!,#VALUE!,#VALUE!,#VALUE!,#VALUE!,#VALUE!,#VALUE!,#VALUE!,0.741666667
90,1000.227012,527.123374,1000.487205,526.57376,1000.302007,526.805654,1068.5418,502.719405,1146.008065,512.440576,NaN,NaN,NaN,NaN,NaN,NaN,0,0,0,0,1000.338741,526.8342627,1146.008065,512.440576,1068.5418,502.719405,,#VALUE!,#VALUE!,#VALUE!,#VALUE!,#VALUE!,#VALUE!,#VALUE!,#VALUE!,0.75
91,993.006153,527.797448,992.973665,527.694532,992.431191,527.879858,1064.094662,504.714523,1141.189238,513.227273,NaN,NaN,NaN,NaN,NaN,NaN,0,0,0,0,992.8036697,527.7906127,1141.189238,513.227273,1064.094662,504.714523,,#VALUE!,#VALUE!,#VALUE!,#VALUE!,#VALUE!,#VALUE!,#VALUE!,#VALUE!,0.758333333
92,988.273839,528.892817,988.632508,528.987731,988.443774,529.061483,1057.970735,506.483778,1136.370412,513.974636,NaN,NaN,NaN,NaN,NaN,NaN,0,0,0,0,988.4500403,528.980677,1136.370412,513.974636,1057.970735,506.483778,,#VALUE!,#VALUE!,#VALUE!,#VALUE!,#VALUE!,#VALUE!,#VALUE!,#VALUE!,0.766666667
93,982.52163,529.566891,981.82858,529.677437,982.653349,529.383745,1052.284231,506.935503,1131.268124,515.076013,NaN,NaN,NaN,NaN,NaN,NaN,0,0,0,0,982.3345197,529.542691,1131.268124,515.076013,1052.284231,506.935503,,#VALUE!,#VALUE!,#VALUE!,#VALUE!,#VALUE!,#VALUE!,#VALUE!,#VALUE!,0.775
94,977.421117,530.86893,977.674187,530.675435,978.041814,530.708597,1047.691286,508.403608,1125.882377,516.02005,NaN,NaN,NaN,NaN,NaN,NaN,0,0,0,0,977.7123727,530.7509873,1125.882377,516.02005,1047.691286,508.403608,,#VALUE!,#VALUE!,#VALUE!,#VALUE!,#VALUE!,#VALUE!,#VALUE!,#VALUE!,0.783333333
95,972.997038,531.65535,973.963797,532.208115,974.089069,531.46054,1042.15059,510.210507,1120.227917,516.520955,NaN,NaN,NaN,NaN,NaN,NaN,0,0,0,0,973.6833013,531.7746683,1120.227917,516.520955,1042.15059,510.210507,,#VALUE!,#VALUE!,#VALUE!,#VALUE!,#VALUE!,#VALUE!,#VALUE!,#VALUE!,0.791666667
96,967.521334,533.040946,968.027172,533.280991,969.512207,532.964427,1036.556971,511.481353,1115.524574,517.266861,NaN,NaN,NaN,NaN,NaN,NaN,0,0,0,0,968.353571,533.0954547,1115.524574,517.266861,1036.556971,511.481353,,#VALUE!,#VALUE!,#VALUE!,#VALUE!,#VALUE!,#VALUE!,#VALUE!,#VALUE!,0.8
97,961.429159,533.827365,961.496885,533.996242,961.537372,533.465722,1031.469899,512.585569,1109.085473,517.173623,NaN,NaN,NaN,NaN,NaN,NaN,0,0,0,0,961.4878053,533.7631097,1109.085473,517.173623,1031.469899,512.585569,,#VALUE!,#VALUE!,#VALUE!,#VALUE!,#VALUE!,#VALUE!,#VALUE!,#VALUE!,0.808333333
98,956.860028,534.613784,957.341248,534.864761,957.456573,534.967804,1025.410775,514.292085,1103.990185,518.525578,NaN,NaN,NaN,NaN,NaN,NaN,0,0,0,0,957.219283,534.8154497,1103.990185,518.525578,1025.410775,514.292085,,#VALUE!,#VALUE!,#VALUE!,#VALUE!,#VALUE!,#VALUE!,#VALUE!,#VALUE!,0.816666667
99,952.435949,535.400204,952.196174,535.426743,953.049225,535.349743,1019.448857,515.463223,1099.23085,519.691056,NaN,NaN,NaN,NaN,NaN,NaN,0,0,0,0,952.5604493,535.39223,1099.23085,519.691056,1019.448857,515.463223,,#VALUE!,#VALUE!,#VALUE!,#VALUE!,#VALUE!,#VALUE!,#VALUE!,#VALUE!,0.825
100,948.809655,535.924483,947.793177,536.499619,948.672696,535.858996,1014.296982,516.400133,1094.07957,520.436962,NaN,NaN,NaN,NaN,NaN,NaN,0,0,0,0,948.425176,536.094366,1094.07957,520.436962,1014.296982,516.400133,,#VALUE!,#VALUE!,#VALUE!,#VALUE!,#VALUE!,#VALUE!,#VALUE!,#VALUE!,0.833333333
101,942.717481,537.497322,943.043877,536.755066,943.217447,537.004814,1008.561875,518.106649,1089.040274,521.182868,NaN,NaN,NaN,NaN,NaN,NaN,0,0,0,0,942.992935,537.085734,1089.040274,521.182868,1008.561875,518.106649,,#VALUE!,#VALUE!,#VALUE!,#VALUE!,#VALUE!,#VALUE!,#VALUE!,#VALUE!,0.841666667
102,936.081362,537.946705,936.365175,537.572495,937.022502,537.577723,1003.247992,519.37817,1084.280939,522.441584,NaN,NaN,NaN,NaN,NaN,NaN,0,0,0,0,936.4896797,537.6989743,1084.280939,522.441584,1003.247992,519.37817,,#VALUE!,#VALUE!,#VALUE!,#VALUE!,#VALUE!,#VALUE!,#VALUE!,#VALUE!,0.85
103,932.056175,539.070161,933.446334,538.645371,933.139104,538.532572,997.966509,520.917381,1078.737713,523.280729,NaN,NaN,NaN,NaN,NaN,NaN,0,0,0,0,932.8805377,538.749368,1078.737713,523.280729,997.966509,520.917381,,#VALUE!,#VALUE!,#VALUE!,#VALUE!,#VALUE!,#VALUE!,#VALUE!,#VALUE!,0.858333333
104,925.021734,538.748971,925.13506,538.287746,926.235284,538.5644,992.55542,522.556974,1074.426316,524.399588,NaN,NaN,NaN,NaN,NaN,NaN,0,0,0,0,925.464026,538.5337057,1074.426316,524.399588,992.55542,522.556974,,#VALUE!,#VALUE!,#VALUE!,#VALUE!,#VALUE!,#VALUE!,#VALUE!,#VALUE!,0.866666667
105,920.283376,538.882121,918.901604,539.105175,919.177362,538.5644,986.528064,523.415945,1070.282894,525.425209,NaN,NaN,NaN,NaN,NaN,NaN,0,0,0,0,919.454114,538.8505653,1070.282894,525.425209,986.528064,523.415945,,#VALUE!,#VALUE!,#VALUE!,#VALUE!,#VALUE!,#VALUE!,#VALUE!,#VALUE!,0.875
106,915.545018,539.281572,915.042798,539.718247,915.212387,539.438523,980.623748,524.813875,1065.579551,526.310972,NaN,NaN,NaN,NaN,NaN,NaN,0,0,0,0,915.2667343,539.4794473,1065.579551,526.310972,980.623748,524.813875,,#VALUE!,#VALUE!,#VALUE!,#VALUE!,#VALUE!,#VALUE!,#VALUE!,#VALUE!,0.883333333
107,910.516556,539.281572,910.294058,539.342435,910.144107,539.297064,975.900296,526.687696,1060.260295,527.523069,NaN,NaN,NaN,NaN,NaN,NaN,0,0,0,0,910.3182403,539.3070237,1060.260295,527.523069,975.900296,526.687696,,#VALUE!,#VALUE!,#VALUE!,#VALUE!,#VALUE!,#VALUE!,#VALUE!,#VALUE!,0.891666667
108,905.939367,539.581161,906.600158,539.978213,905.870314,539.55169,970.341599,527.936911,1055.948897,528.315594,NaN,NaN,NaN,NaN,NaN,NaN,0,0,0,0,906.136613,539.703688,1055.948897,528.315594,970.341599,527.936911,,#VALUE!,#VALUE!,#VALUE!,#VALUE!,#VALUE!,#VALUE!,#VALUE!,#VALUE!,0.9
109,900.008361,539.44801,900.839434,540.296103,900.69245,540.343861,964.408482,529.334841,1050.62964,529.481072,NaN,NaN,NaN,NaN,NaN,NaN,0,0,0,0,900.513415,540.0293247,1050.62964,529.481072,964.408482,529.334841,,#VALUE!,#VALUE!,#VALUE!,#VALUE!,#VALUE!,#VALUE!,#VALUE!,#VALUE!,0.908333333
110,896.237015,540.2802,896.046159,540.296103,897.487105,540.343861,960.05945,530.435339,1045.341968,530.096696,NaN,NaN,NaN,NaN,NaN,NaN,0,0,0,0,896.590093,540.3067213,1045.341968,530.096696,960.05945,530.435339,,#VALUE!,#VALUE!,#VALUE!,#VALUE!,#VALUE!,#VALUE!,#VALUE!,#VALUE!,0.916666667
111,892.046631,540.679651,892.132384,540.75023,892.199657,541.079448,954.155135,532.576848,1038.224126,531.340896,NaN,NaN,NaN,NaN,NaN,NaN,0,0,0,0,892.126224,540.836443,1038.224126,531.340896,954.155135,532.576848,,#VALUE!,#VALUE!,#VALUE!,#VALUE!,#VALUE!,#VALUE!,#VALUE!,#VALUE!,0.925
112,888.404219,540.679651,889.09811,540.841055,888.994312,540.937989,949.316476,534.182981,1032.246711,532.617838,NaN,NaN,NaN,NaN,NaN,NaN,0,0,0,0,888.8322137,540.819565,1032.246711,532.617838,949.316476,534.182981,,#VALUE!,#VALUE!,#VALUE!,#VALUE!,#VALUE!,#VALUE!,#VALUE!,#VALUE!,0.933333333
113,883.762563,540.2802,883.29341,540.613992,884.145201,540.683363,943.844184,535.551167,1027.685,533.534617,NaN,NaN,NaN,NaN,NaN,NaN,0,0,0,0,883.7337247,540.5258517,1027.685,533.534617,943.844184,535.551167,,#VALUE!,#VALUE!,#VALUE!,#VALUE!,#VALUE!,#VALUE!,#VALUE!,#VALUE!,0.941666667
114,876.398578,539.614508,876.829086,540.296103,877.378363,539.749733,938.280768,537.073899,1022.100837,534.222201,NaN,NaN,NaN,NaN,NaN,NaN,0,0,0,0,876.8686757,539.8867813,1022.100837,534.222201,938.280768,537.073899,,#VALUE!,#VALUE!,#VALUE!,#VALUE!,#VALUE!,#VALUE!,#VALUE!,#VALUE!,0.95
115,872.444574,540.147109,872.475561,540.296103,873.022382,539.891192,930.412067,538.806118,1016.634648,535.008012,NaN,NaN,NaN,NaN,NaN,NaN,0,0,0,0,872.6475057,540.111468,1016.634648,535.008012,930.412067,538.806118,,#VALUE!,#VALUE!,#VALUE!,#VALUE!,#VALUE!,#VALUE!,#VALUE!,#VALUE!,0.958333333
116,867.845896,539.614508,867.594336,539.796562,867.597952,539.438523,927.544714,541.414706,1012.190913,535.597369,998.214654,524.717653,NaN,NaN,894.425495,545.495029,0,0,0,0,867.6793947,539.616531,1012.190913,535.597369,927.544714,541.414706,,-117.765418,9.89766,#VALUE!,#VALUE!,-70.66994,16.697053,#VALUE!,8.489221238,0.966666667
117,862.215738,538.904372,860.954112,538.842895,860.654735,538.792171,921.571061,543.388773,1008.799032,535.676022,NaN,NaN,NaN,NaN,NaN,NaN,0,0,0,0,861.2748617,538.8464793,1008.799032,535.676022,921.571061,543.388773,,#VALUE!,#VALUE!,#VALUE!,#VALUE!,#VALUE!,#VALUE!,#VALUE!,#VALUE!,0.975
118,857.230255,538.682455,857.963812,539.342435,857.074977,538.666429,916.553193,545.292337,1002.949515,536.023017,NaN,NaN,NaN,NaN,NaN,NaN,0,0,0,0,857.4230147,538.8971063,1002.949515,536.023017,916.553193,545.292337,,#VALUE!,#VALUE!,#VALUE!,#VALUE!,#VALUE!,#VALUE!,#VALUE!,#VALUE!,0.983333333
119,852.502641,538.504921,853.346437,538.070878,852.277614,538.389798,912.580097,546.294976,999.477528,535.676022,NaN,NaN,NaN,NaN,NaN,NaN,0,0,0,0,852.7088973,538.3218657,999.477528,535.676022,912.580097,546.294976,,#VALUE!,#VALUE!,#VALUE!,#VALUE!,#VALUE!,#VALUE!,#VALUE!,#VALUE!,0.991666667
120,848.161833,537.794786,848.465213,537.889227,847.75801,537.822538,907.179157,548.363046,995.686783,535.5208,NaN,NaN,NaN,NaN,NaN,NaN,0,0,0,0,848.128352,537.835517,995.686783,535.5208,907.179157,548.363046,,#VALUE!,#VALUE!,#VALUE!,#VALUE!,#VALUE!,#VALUE!,#VALUE!,#VALUE!,1
121,841.887,537.572868,841.341263,537.117211,840.874484,537.822538,902.445749,549.45975,991.771751,535.676022,NaN,NaN,NaN,NaN,NaN,NaN,0,0,0,0,841.3675823,537.5042057,991.771751,535.676022,902.445749,549.45975,,#VALUE!,#VALUE!,#VALUE!,#VALUE!,#VALUE!,#VALUE!,#VALUE!,#VALUE!,1.008333333
122,839.351281,535.708763,836.416064,535.754829,836.848271,535.72126,897.166178,550.74446,987.235286,535.5208,NaN,NaN,NaN,NaN,NaN,NaN,0,0,0,0,837.5385387,535.728284,987.235286,535.5208,897.166178,550.74446,,#VALUE!,#VALUE!,#VALUE!,#VALUE!,#VALUE!,#VALUE!,#VALUE!,#VALUE!,1.016666667
123,833.406087,535.792877,832.722164,535.527765,833.601325,534.245894,891.401129,552.593189,982.51239,535.055135,NaN,NaN,NaN,NaN,NaN,NaN,0,0,0,0,833.243192,535.1888453,982.51239,535.055135,891.401129,552.593189,,#VALUE!,#VALUE!,#VALUE!,#VALUE!,#VALUE!,#VALUE!,#VALUE!,#VALUE!,1.025
124,827.389125,533.840005,829.173695,533.625687,827.540359,533.307025,886.940802,554.034571,970.705152,535.882984,NaN,NaN,NaN,NaN,NaN,NaN,0,0,0,0,828.034393,533.5909057,970.705152,535.882984,886.940802,554.034571,,#VALUE!,#VALUE!,#VALUE!,#VALUE!,#VALUE!,#VALUE!,#VALUE!,#VALUE!,1.033333333
125,823.778948,534.55014,824.443939,533.625687,825.332436,534.245894,882.055682,556.008637,967.038693,535.624281,NaN,NaN,NaN,NaN,NaN,NaN,0,0,0,0,824.518441,534.1405737,967.038693,535.624281,882.055682,556.008637,,#VALUE!,#VALUE!,#VALUE!,#VALUE!,#VALUE!,#VALUE!,#VALUE!,#VALUE!,1.041666667
126,819.882248,533.840005,820.456873,533.222018,821.219637,533.307025,876.927823,557.544022,961.632221,535.313838,NaN,NaN,NaN,NaN,NaN,NaN,0,0,0,0,820.519586,533.4563493,961.632221,535.313838,876.927823,557.544022,,#VALUE!,#VALUE!,#VALUE!,#VALUE!,#VALUE!,#VALUE!,#VALUE!,#VALUE!,1.05
127,817.475463,533.603293,817.173407,532.777982,815.764768,532.994069,872.285441,557.982704,957.220042,535.055135,NaN,NaN,NaN,NaN,NaN,NaN,0,0,0,0,816.804546,533.1251147,957.220042,535.055135,872.285441,557.982704,,#VALUE!,#VALUE!,#VALUE!,#VALUE!,#VALUE!,#VALUE!,#VALUE!,#VALUE!,1.058333333
128,812.031545,533.011514,810.215585,531.728443,808.881242,531.965784,864.786955,556.770505,952.37286,534.589469,NaN,NaN,NaN,NaN,NaN,NaN,0,0,0,0,810.376124,532.235247,952.37286,534.589469,864.786955,556.770505,,#VALUE!,#VALUE!,#VALUE!,#VALUE!,#VALUE!,#VALUE!,#VALUE!,#VALUE!,1.066666667
129,805.441538,531.768777,804.743141,531.082573,804.811737,531.429287,858.556657,556.436272,946.593528,534.434247,NaN,NaN,NaN,NaN,NaN,NaN,0,0,0,0,804.9988053,531.426879,946.593528,534.434247,858.556657,556.436272,,#VALUE!,#VALUE!,#VALUE!,#VALUE!,#VALUE!,#VALUE!,#VALUE!,#VALUE!,1.075
130,801.201012,531.768777,800.443364,531.244041,800.785524,531.429287,853.620966,556.575535,940.565622,534.227285,NaN,NaN,NaN,NaN,NaN,NaN,0,0,0,0,800.8099667,531.4807017,940.565622,534.227285,853.620966,556.575535,,#VALUE!,#VALUE!,#VALUE!,#VALUE!,#VALUE!,#VALUE!,#VALUE!,#VALUE!,1.083333333
131,796.960486,530.82193,798.293475,531.244041,800.763919,531.251825,849.386521,555.600688,936.588446,533.865101,NaN,NaN,NaN,NaN,NaN,NaN,0,0,0,0,798.6726267,531.105932,936.588446,533.865101,849.386521,555.600688,,#VALUE!,#VALUE!,#VALUE!,#VALUE!,#VALUE!,#VALUE!,#VALUE!,#VALUE!,1.091666667
132,793.923353,530.82193,795.283631,530.880739,795.530323,530.774939,841.322195,553.261053,932.238411,533.709879,NaN,NaN,NaN,NaN,NaN,NaN,0,0,0,0,794.9124357,530.8258693,932.238411,533.709879,841.322195,553.261053,,#VALUE!,#VALUE!,#VALUE!,#VALUE!,#VALUE!,#VALUE!,#VALUE!,#VALUE!,1.1
133,789.682827,530.52604,791.140209,530.678904,791.83602,531.053123,838.058706,550.782155,927.888376,533.347695,NaN,NaN,NaN,NaN,NaN,NaN,0,0,0,0,790.886352,530.752689,927.888376,533.347695,838.058706,550.782155,,#VALUE!,#VALUE!,#VALUE!,#VALUE!,#VALUE!,#VALUE!,#VALUE!,#VALUE!,1.108333333
134,785.55691,531.354531,786.215009,530.396336,787.218141,531.053123,829.612647,543.824782,923.786914,532.623326,NaN,NaN,NaN,NaN,NaN,NaN,0,0,0,0,786.33002,530.9346633,923.786914,532.623326,829.612647,543.824782,,#VALUE!,#VALUE!,#VALUE!,#VALUE!,#VALUE!,#VALUE!,#VALUE!,#VALUE!,1.116666667
135,780.972558,531.354531,781.954321,531.526609,783.600802,531.251825,827.347084,540.44531,918.815445,532.261142,NaN,NaN,NaN,NaN,NaN,NaN,0,0,0,0,782.1758937,531.377655,918.815445,532.261142,827.347084,540.44531,,#VALUE!,#VALUE!,#VALUE!,#VALUE!,#VALUE!,#VALUE!,#VALUE!,#VALUE!,1.125
136,776.643046,531.657533,777.029121,532.091745,776.94336,531.450528,824.469279,535.290788,914.403266,532.157661,NaN,NaN,NaN,NaN,NaN,NaN,0,0,0,0,776.8718423,531.7332687,914.403266,532.157661,824.469279,535.290788,,#VALUE!,#VALUE!,#VALUE!,#VALUE!,#VALUE!,#VALUE!,#VALUE!,#VALUE!,1.133333333
137,772.822753,532.393969,772.885699,532.091745,773.249057,532.086375,821.688271,527.731334,910.053231,532.261142,NaN,NaN,NaN,NaN,NaN,NaN,0,0,0,0,772.9858363,532.1906963,910.053231,532.261142,821.688271,527.731334,,#VALUE!,#VALUE!,#VALUE!,#VALUE!,#VALUE!,#VALUE!,#VALUE!,#VALUE!,1.141666667
138,769.35902,533.288214,768.976811,533.222018,769.670201,532.920926,818.557077,520.279209,905.703196,532.261142,NaN,NaN,NaN,NaN,NaN,NaN,0,0,0,0,769.335344,533.1437193,905.703196,532.261142,818.557077,520.279209,,#VALUE!,#VALUE!,#VALUE!,#VALUE!,#VALUE!,#VALUE!,#VALUE!,#VALUE!,1.15
139,764.876542,534.129856,764.325233,534.473391,765.167769,534.391324,812.031473,514.220331,901.788164,532.416364,NaN,NaN,862.347012,553.541302,790.353944,540.264207,0,0,0,0,764.789848,534.3315237,901.788164,532.416364,812.031473,514.220331,,-111.43422,7.847843,-50.315539,-39.320971,#VALUE!,#VALUE!,42.03563528,#VALUE!,1.158333333
140,760.801562,534.971498,760.2209,534.917427,761.127125,534.748988,806.643359,510.201687,897.748846,533.502916,NaN,NaN,NaN,NaN,NaN,NaN,0,0,0,0,760.716529,534.8793043,897.748846,533.502916,806.643359,510.201687,,#VALUE!,#VALUE!,#VALUE!,#VALUE!,#VALUE!,#VALUE!,#VALUE!,#VALUE!,1.166666667
141,757.13408,536.812589,753.915917,536.28786,754.759992,536.404164,803.171019,508.903357,891.596653,534.796432,NaN,NaN,NaN,NaN,NaN,NaN,0,0,0,0,755.2699963,536.5015377,891.596653,534.796432,803.171019,508.903357,,#VALUE!,#VALUE!,#VALUE!,#VALUE!,#VALUE!,#VALUE!,#VALUE!,#VALUE!,1.175
142,748.576623,538.285463,748.287117,537.79489,747.730554,538.25872,800.357227,507.728676,886.548973,536.366384,NaN,NaN,NaN,NaN,NaN,NaN,0,0,0,0,748.198098,538.1130243,886.548973,536.366384,800.357227,507.728676,,#VALUE!,#VALUE!,#VALUE!,#VALUE!,#VALUE!,#VALUE!,#VALUE!,#VALUE!,1.183333333
143,744.297894,539.653131,743.700688,539.481328,741.727311,539.742365,795.068894,507.882245,881.74322,537.470184,NaN,NaN,NaN,NaN,NaN,NaN,0,0,0,0,743.2419643,539.625608,881.74322,537.470184,795.068894,507.882245,,#VALUE!,#VALUE!,#VALUE!,#VALUE!,#VALUE!,#VALUE!,#VALUE!,#VALUE!,1.191666667
144,737.981675,541.599427,738.071888,541.23953,737.058123,541.596921,791.396994,508.157024,874.783164,538.711958,NaN,NaN,NaN,NaN,NaN,NaN,0,0,0,0,737.7038953,541.478626,874.783164,538.711958,791.396994,508.157024,,#VALUE!,#VALUE!,#VALUE!,#VALUE!,#VALUE!,#VALUE!,#VALUE!,#VALUE!,1.2
145,732.174829,542.704082,732.964274,542.31598,732.388934,542.444718,785.011082,509.585875,868.154538,539.907741,NaN,NaN,NaN,NaN,NaN,NaN,0,0,0,0,732.5093457,542.48826,868.154538,539.907741,785.011082,509.585875,,#VALUE!,#VALUE!,#VALUE!,#VALUE!,#VALUE!,#VALUE!,#VALUE!,#VALUE!,1.208333333
146,727.182978,544.282161,728.273608,543.679484,727.360577,543.557451,780.221648,511.839063,862.464968,541.333482,NaN,NaN,NaN,NaN,NaN,NaN,0,0,0,0,727.605721,543.8396987,862.464968,541.333482,780.221648,511.839063,,#VALUE!,#VALUE!,#VALUE!,#VALUE!,#VALUE!,#VALUE!,#VALUE!,#VALUE!,1.216666667
147,722.90425,544.913392,724.625312,544.791815,723.820203,545.306032,775.21935,513.652604,856.33349,542.621249,NaN,NaN,NaN,NaN,NaN,NaN,0,0,0,0,723.783255,545.0037463,856.33349,542.621249,775.21935,513.652604,,#VALUE!,#VALUE!,#VALUE!,#VALUE!,#VALUE!,#VALUE!,#VALUE!,#VALUE!,1.225
148,713.990231,546.28106,714.410083,546.083555,714.430516,546.153829,769.791324,516.07066,850.367727,543.909015,NaN,NaN,NaN,NaN,NaN,NaN,0,0,0,0,714.2769433,546.1728147,850.367727,543.909015,769.791324,516.07066,,#VALUE!,#VALUE!,#VALUE!,#VALUE!,#VALUE!,#VALUE!,#VALUE!,#VALUE!,1.233333333
149,710.475561,547.596126,711.055393,547.184795,711.468239,547.612298,762.553957,518.378804,845.064827,544.828848,NaN,NaN,NaN,NaN,NaN,NaN,0,0,0,0,710.999731,547.4644063,845.064827,544.828848,762.553957,518.378804,,#VALUE!,#VALUE!,#VALUE!,#VALUE!,#VALUE!,#VALUE!,#VALUE!,#VALUE!,1.241666667
150,705.483711,548.700781,707.163877,548.173534,707.515487,548.491495,756.700204,520.851815,839.320019,545.932647,NaN,NaN,NaN,NaN,NaN,NaN,0,0,0,0,706.721025,548.45527,839.320019,545.932647,756.700204,520.851815,,#VALUE!,#VALUE!,#VALUE!,#VALUE!,#VALUE!,#VALUE!,#VALUE!,#VALUE!,1.25
151,700.084363,549.805436,700.863328,549.194169,700.674185,549.464891,749.782132,521.84102,831.807577,546.760497,NaN,NaN,NaN,NaN,NaN,NaN,0,0,0,0,700.5406253,549.4881653,831.807577,546.760497,749.782132,521.84102,,#VALUE!,#VALUE!,#VALUE!,#VALUE!,#VALUE!,#VALUE!,#VALUE!,#VALUE!,1.258333333
152,694.990638,550.121051,696.755617,550.151013,696.630215,550.469688,743.928379,522.610401,826.670392,547.726322,NaN,NaN,NaN,NaN,NaN,NaN,0,0,0,0,696.12549,550.2472507,826.670392,547.726322,743.928379,522.610401,,#VALUE!,#VALUE!,#VALUE!,#VALUE!,#VALUE!,#VALUE!,#VALUE!,#VALUE!,1.266666667
153,688.674419,551.541322,689.188781,551.203542,688.542276,551.505884,738.074626,524.149163,820.815107,548.692146,NaN,NaN,NaN,NaN,NaN,NaN,0,0,0,0,688.8018253,551.416916,820.815107,548.692146,738.074626,524.149163,,#VALUE!,#VALUE!,#VALUE!,#VALUE!,#VALUE!,#VALUE!,#VALUE!,#VALUE!,1.275
154,681.691195,551.858626,682.20876,551.363016,681.822597,551.631484,732.167657,526.347396,815.01506,549.887929,NaN,NaN,NaN,NaN,NaN,NaN,0,0,0,0,681.9075173,551.6177087,815.01506,549.887929,732.167657,526.347396,,#VALUE!,#VALUE!,#VALUE!,#VALUE!,#VALUE!,#VALUE!,#VALUE!,#VALUE!,1.283333333
155,678.091629,553.331499,677.823084,552.351755,678.113091,553.107279,726.714914,528.47291,808.828343,550.853754,NaN,NaN,NaN,NaN,NaN,NaN,0,0,0,0,678.009268,552.9301777,808.828343,550.853754,726.714914,528.47291,,#VALUE!,#VALUE!,#VALUE!,#VALUE!,#VALUE!,#VALUE!,#VALUE!,#VALUE!,1.291666667
156,673.541235,553.331499,672.788822,553.212916,673.187354,553.766676,720.234395,530.524593,804.574975,551.819579,NaN,NaN,NaN,NaN,NaN,NaN,0,0,0,0,673.1724703,553.4370303,804.574975,551.819579,720.234395,530.524593,,#VALUE!,#VALUE!,#VALUE!,#VALUE!,#VALUE!,#VALUE!,#VALUE!,#VALUE!,1.3
157,669.805837,553.331499,669.607716,553.488425,669.193912,554.109463,713.80118,532.087781,798.33302,552.831395,NaN,NaN,NaN,NaN,NaN,NaN,0,0,0,0,669.5358217,553.643129,798.33302,552.831395,713.80118,532.087781,,#VALUE!,#VALUE!,#VALUE!,#VALUE!,#VALUE!,#VALUE!,#VALUE!,#VALUE!,1.308333333
158,664.576279,553.331499,664.391575,553.34667,664.08574,553.648931,707.557176,533.113622,793.195835,553.659245,NaN,NaN,NaN,NaN,NaN,NaN,0,0,0,0,664.351198,553.4423667,793.195835,553.659245,707.557176,533.113622,,#VALUE!,#VALUE!,#VALUE!,#VALUE!,#VALUE!,#VALUE!,#VALUE!,#VALUE!,1.316666667
159,660.365467,553.822457,660.93245,553.743583,659.099191,553.816397,701.596991,534.62796,787.782458,554.303128,NaN,NaN,NaN,NaN,NaN,NaN,0,0,0,0,660.1323693,553.7941457,787.782458,554.303128,701.596991,534.62796,,#VALUE!,#VALUE!,#VALUE!,#VALUE!,#VALUE!,#VALUE!,#VALUE!,#VALUE!,1.325
160,652.552996,553.646718,652.751344,552.893055,652.08559,553.230266,696.062534,536.484245,782.424319,555.084986,NaN,NaN,NaN,NaN,NaN,NaN,0,0,0,0,652.46331,553.2566797,782.424319,555.084986,696.062534,536.484245,,#VALUE!,#VALUE!,#VALUE!,#VALUE!,#VALUE!,#VALUE!,#VALUE!,#VALUE!,1.333333333
161,647.401417,553.064842,647.480297,553.148213,647.099041,553.648931,689.676622,538.242831,778.22619,555.728869,NaN,NaN,NaN,NaN,NaN,NaN,0,0,0,0,647.3269183,553.2873287,778.22619,555.728869,689.676622,538.242831,,#VALUE!,#VALUE!,#VALUE!,#VALUE!,#VALUE!,#VALUE!,#VALUE!,#VALUE!,1.341666667
162,645.429328,552.690779,644.502577,552.967399,643.328723,552.9372,683.432618,538.829026,772.910165,556.164382,NaN,NaN,NaN,NaN,NaN,NaN,0,0,0,0,644.4202093,552.865126,772.910165,556.164382,683.432618,538.829026,,#VALUE!,#VALUE!,#VALUE!,#VALUE!,#VALUE!,#VALUE!,#VALUE!,#VALUE!,1.35
163,641.203422,553.064842,641.171568,553.383213,640.085439,553.230266,677.046706,541.808852,767.498152,557.03652,NaN,NaN,NaN,NaN,NaN,NaN,0,0,0,0,640.820143,553.226107,767.498152,557.03652,677.046706,541.808852,,#VALUE!,#VALUE!,#VALUE!,#VALUE!,#VALUE!,#VALUE!,#VALUE!,#VALUE!,1.358333333
164,635.568882,552.898592,634.253317,552.967399,633.720494,553.230266,671.086521,543.030093,762.90085,557.230329,NaN,NaN,NaN,NaN,NaN,NaN,0,0,0,0,634.514231,553.0320857,762.90085,557.230329,671.086521,543.030093,,#VALUE!,#VALUE!,#VALUE!,#VALUE!,#VALUE!,#VALUE!,#VALUE!,#VALUE!,1.366666667
165,632.188158,552.482966,631.617794,552.324778,630.355587,552.351069,665.788579,545.423723,758.01258,557.375685,NaN,NaN,NaN,NaN,NaN,NaN,0,0,0,0,631.3871797,552.386271,758.01258,557.375685,665.788579,545.423723,,#VALUE!,#VALUE!,#VALUE!,#VALUE!,#VALUE!,#VALUE!,#VALUE!,#VALUE!,1.375
166,629.571612,552.959799,624.955775,551.984566,624.601911,552.204681,660.159515,547.133459,752.833342,557.472589,NaN,NaN,NaN,NaN,NaN,NaN,0,0,0,0,626.3764327,552.3830153,752.833342,557.472589,660.159515,547.133459,,#VALUE!,#VALUE!,#VALUE!,#VALUE!,#VALUE!,#VALUE!,#VALUE!,#VALUE!,1.383333333
167,626.030411,552.482966,621.295325,551.79556,624.746057,552.204681,654.625058,549.087444,748.294234,557.569493,NaN,NaN,NaN,NaN,NaN,NaN,0,0,0,0,624.023931,552.161069,748.294234,557.569493,654.625058,549.087444,,#VALUE!,#VALUE!,#VALUE!,#VALUE!,#VALUE!,#VALUE!,#VALUE!,#VALUE!,1.391666667
168,619.912401,551.796047,616.500136,551.379746,616.169373,551.423172,648.901388,551.578774,744.278869,557.71485,NaN,NaN,NaN,NaN,NaN,NaN,0,0,0,0,617.5273033,551.5329883,744.278869,557.71485,648.901388,551.578774,,#VALUE!,#VALUE!,#VALUE!,#VALUE!,#VALUE!,#VALUE!,#VALUE!,#VALUE!,1.4
169,615.847992,550.737339,615.28698,551.704524,614.511695,550.827737,644.171083,554.070104,738.168531,557.860206,NaN,NaN,NaN,NaN,NaN,NaN,0,0,0,0,615.2155557,551.0898667,738.168531,557.860206,644.171083,554.070104,,#VALUE!,#VALUE!,#VALUE!,#VALUE!,#VALUE!,#VALUE!,#VALUE!,#VALUE!,1.408333333
170,606.926128,548.85896,605.769811,549.335645,605.682755,550.046229,638.967747,555.242494,733.629423,557.472589,NaN,NaN,NaN,NaN,NaN,NaN,0,0,0,0,606.1262313,549.4136113,733.629423,557.472589,638.967747,555.242494,,#VALUE!,#VALUE!,#VALUE!,#VALUE!,#VALUE!,#VALUE!,#VALUE!,#VALUE!,1.416666667
171,601.023276,547.695208,600.596375,548.529218,599.196187,548.818145,633.798242,555.408617,729.672252,557.472589,707.284451,538.217477,NaN,NaN,625.035903,558.813246,0,0,0,0,600.271946,548.3475237,729.672252,557.472589,633.798242,555.408617,,-104.636349,1.340657,#VALUE!,#VALUE!,-73.486209,17.19114,#VALUE!,12.43275311,1.425
172,593.886192,546.753123,592.738609,547.218774,592.421328,547.515631,628.794629,556.537586,724.260239,557.03652,NaN,NaN,NaN,NaN,NaN,NaN,0,0,0,0,593.0153763,547.1625093,724.260239,557.03652,628.794629,556.537586,,#VALUE!,#VALUE!,#VALUE!,#VALUE!,#VALUE!,#VALUE!,#VALUE!,#VALUE!,1.433333333
173,590.398144,546.531456,590.932787,546.412347,590.151029,545.729326,624.547866,557.709976,718.964613,557.133424,NaN,NaN,NaN,NaN,NaN,NaN,0,0,0,0,590.4939867,546.2243763,718.964613,557.133424,624.547866,557.709976,,#VALUE!,#VALUE!,#VALUE!,#VALUE!,#VALUE!,#VALUE!,#VALUE!,#VALUE!,1.441666667
174,587.50038,545.977289,590.347115,545.807527,586.095798,545.563017,620.427245,558.621836,714.309118,556.455095,NaN,NaN,NaN,NaN,NaN,NaN,0,0,0,0,587.9810977,545.782611,714.309118,556.455095,620.427245,558.621836,,#VALUE!,#VALUE!,#VALUE!,#VALUE!,#VALUE!,#VALUE!,#VALUE!,#VALUE!,1.45
175,583.368384,545.367704,581.708454,545.807527,581.387031,544.769103,615.717963,559.533695,709.653622,555.87367,NaN,NaN,NaN,NaN,NaN,NaN,0,0,0,0,582.154623,545.314778,709.653622,555.87367,615.717963,559.533695,,#VALUE!,#VALUE!,#VALUE!,#VALUE!,#VALUE!,#VALUE!,#VALUE!,#VALUE!,1.458333333
176,579.129063,544.813537,578.389646,545.60592,578.311917,544.769103,611.134822,560.445554,704.765352,555.340696,NaN,NaN,NaN,NaN,NaN,NaN,0,0,0,0,578.6102087,545.0628533,704.765352,555.340696,611.134822,560.445554,,#VALUE!,#VALUE!,#VALUE!,#VALUE!,#VALUE!,#VALUE!,#VALUE!,#VALUE!,1.466666667
177,575.158054,543.926869,574.387554,544.043468,572.257787,542.685081,606.593729,561.05346,699.877082,554.420106,NaN,NaN,NaN,NaN,NaN,NaN,0,0,0,0,573.934465,543.551806,699.877082,554.420106,606.593729,561.05346,,#VALUE!,#VALUE!,#VALUE!,#VALUE!,#VALUE!,#VALUE!,#VALUE!,#VALUE!,1.475
178,571.348032,542.486033,570.629492,542.178605,568.798284,541.64307,602.094683,561.878476,694.872425,553.887133,NaN,NaN,NaN,NaN,NaN,NaN,0,0,0,0,570.2586027,542.1025693,694.872425,553.887133,602.094683,561.878476,,#VALUE!,#VALUE!,#VALUE!,#VALUE!,#VALUE!,#VALUE!,#VALUE!,#VALUE!,1.483333333
179,568.71858,541.045198,567.798744,541.12017,568.2217,540.799537,597.217212,562.269273,690.507898,553.063447,NaN,NaN,NaN,NaN,NaN,NaN,0,0,0,0,568.2463413,540.9883017,690.507898,553.063447,597.217212,562.269273,,#VALUE!,#VALUE!,#VALUE!,#VALUE!,#VALUE!,#VALUE!,#VALUE!,#VALUE!,1.491666667
180,562.93935,539.517223,563.69904,540.061734,562.840252,539.062852,593.559109,562.66007,686.783502,552.288214,NaN,NaN,NaN,NaN,NaN,NaN,0,0,0,0,563.1595473,539.5472697,686.783502,552.288214,593.559109,562.66007,,#VALUE!,#VALUE!,#VALUE!,#VALUE!,#VALUE!,#VALUE!,#VALUE!,#VALUE!,1.5
181,558.932566,537.202034,559.238909,538.635255,557.939289,537.226928,591.03628,562.486382,681.449902,551.326849,NaN,NaN,NaN,NaN,NaN,NaN,0,0,0,0,558.703588,537.6880723,681.449902,551.326849,591.03628,562.486382,,#VALUE!,#VALUE!,#VALUE!,#VALUE!,#VALUE!,#VALUE!,#VALUE!,#VALUE!,1.508333333
182,557.421103,536.014813,555.07413,536.305577,550.704433,534.60988,585.948573,562.052163,677.955407,550.408054,NaN,NaN,NaN,NaN,NaN,NaN,0,0,0,0,554.3998887,535.6434233,677.955407,550.408054,585.948573,562.052163,,#VALUE!,#VALUE!,#VALUE!,#VALUE!,#VALUE!,#VALUE!,#VALUE!,#VALUE!,1.516666667
183,553.265919,535.839669,548.957112,535.81276,545.579244,533.242585,582.626848,561.661367,673.817189,549.680674,NaN,NaN,NaN,NaN,NaN,NaN,0,0,0,0,549.267425,534.9650047,673.817189,549.680674,582.626848,561.661367,,#VALUE!,#VALUE!,#VALUE!,#VALUE!,#VALUE!,#VALUE!,#VALUE!,#VALUE!,1.525
184,548.347539,534.482301,544.8791,534.871929,543.956267,533.860073,579.347169,560.141601,667.701822,548.608746,NaN,NaN,NaN,NaN,NaN,NaN,0,0,0,0,545.7276353,534.4047677,667.701822,548.608746,579.347169,560.141601,,#VALUE!,#VALUE!,#VALUE!,#VALUE!,#VALUE!,#VALUE!,#VALUE!,#VALUE!,1.533333333
185,543.17476,534.482301,541.668749,533.931097,540.155085,533.683648,575.604972,559.012632,664.069387,547.268835,NaN,NaN,NaN,NaN,NaN,NaN,0,0,0,0,541.666198,534.0323487,664.069387,547.268835,575.604972,559.012632,,#VALUE!,#VALUE!,#VALUE!,#VALUE!,#VALUE!,#VALUE!,#VALUE!,#VALUE!,1.541666667
186,537.323583,533.562793,537.07014,534.110303,536.610162,533.463116,570.517266,557.709976,660.023129,546.120341,NaN,NaN,NaN,NaN,NaN,NaN,0,0,0,0,537.001295,533.7120707,660.023129,546.120341,570.517266,557.709976,,#VALUE!,#VALUE!,#VALUE!,#VALUE!,#VALUE!,#VALUE!,#VALUE!,#VALUE!,1.55
187,532.108404,533.081146,532.124465,533.169472,533.278789,533.242585,568.124456,556.072007,656.390693,544.856997,NaN,NaN,NaN,NaN,NaN,NaN,0,0,0,0,532.503886,533.164401,656.390693,544.856997,568.124456,556.072007,,#VALUE!,#VALUE!,#VALUE!,#VALUE!,#VALUE!,#VALUE!,#VALUE!,#VALUE!,1.558333333
188,527.656422,532.862216,527.959687,532.990266,528.281729,533.242585,565.209186,553.022826,653.034138,543.861635,NaN,NaN,NaN,NaN,NaN,NaN,0,0,0,0,527.965946,533.031689,653.034138,543.861635,565.209186,553.022826,,#VALUE!,#VALUE!,#VALUE!,#VALUE!,#VALUE!,#VALUE!,#VALUE!,#VALUE!,1.566666667
189,525.154832,533.562793,526.354512,533.70709,526.317073,533.463116,561.845413,547.194646,649.723564,542.713141,NaN,NaN,NaN,NaN,NaN,NaN,0,0,0,0,525.942139,533.5776663,649.723564,542.713141,561.845413,547.194646,,#VALUE!,#VALUE!,#VALUE!,#VALUE!,#VALUE!,#VALUE!,#VALUE!,#VALUE!,1.575
190,521.635646,532.862216,522.319883,533.169472,521.021044,533.683648,557.173507,541.675244,645.217504,542.292026,NaN,NaN,NaN,NaN,NaN,NaN,0,0,0,0,521.6588577,533.2384453,645.217504,542.292026,557.173507,541.675244,,#VALUE!,#VALUE!,#VALUE!,#VALUE!,#VALUE!,#VALUE!,#VALUE!,#VALUE!,1.583333333
191,516.462866,533.781724,516.159481,534.423914,515.938565,534.60988,550.403832,531.363768,626.701413,542.036326,NaN,NaN,NaN,NaN,NaN,NaN,0,0,0,0,516.1869707,534.2718393,626.701413,542.036326,550.403832,531.363768,,#VALUE!,#VALUE!,#VALUE!,#VALUE!,#VALUE!,#VALUE!,#VALUE!,#VALUE!,1.591666667
192,512.307683,534.920162,512.471917,534.647921,513.077001,534.168817,544.971962,522.357751,622.363736,541.738904,NaN,NaN,580.29517,557.607623,533.506684,541.667576,0,0,0,0,512.618867,534.5789667,622.363736,541.738904,544.971962,522.357751,,-88.857052,-0.071328,-35.323208,-35.249872,#VALUE!,#VALUE!,44.89446824,#VALUE!,1.6
193,508.0677,535.401808,508.61082,535.991966,508.165361,535.712537,539.938761,517.31438,617.770902,541.738904,NaN,NaN,NaN,NaN,NaN,NaN,0,0,0,0,508.2812937,535.7021037,617.770902,541.738904,539.938761,517.31438,,#VALUE!,#VALUE!,#VALUE!,#VALUE!,#VALUE!,#VALUE!,#VALUE!,#VALUE!,1.608333333
194,501.281758,537.300765,500.845244,536.753592,500.093188,537.388576,537.397244,511.653455,612.769816,542.078815,NaN,NaN,NaN,NaN,NaN,NaN,0,0,0,0,500.7400633,537.1476443,612.769816,542.078815,537.397244,511.653455,,#VALUE!,#VALUE!,#VALUE!,#VALUE!,#VALUE!,#VALUE!,#VALUE!,#VALUE!,1.616666667
195,498.078215,538.468394,496.300466,538.136105,495.736777,539.020509,536.699572,510.830048,608.483171,542.503703,NaN,NaN,NaN,NaN,NaN,NaN,0,0,0,0,496.7051527,538.5416693,608.483171,542.503703,536.699572,510.830048,,#VALUE!,#VALUE!,#VALUE!,#VALUE!,#VALUE!,#VALUE!,#VALUE!,#VALUE!,1.625
196,492.500282,539.480339,489.417013,539.390547,489.645307,539.086668,533.211215,511.087362,603.073833,542.886103,NaN,NaN,NaN,NaN,NaN,NaN,0,0,0,0,490.5208673,539.3191847,603.073833,542.886103,533.211215,511.087362,,#VALUE!,#VALUE!,#VALUE!,#VALUE!,#VALUE!,#VALUE!,#VALUE!,#VALUE!,1.633333333
197,488.580653,540.76473,486.062052,540.943666,488.050804,541.027345,529.872359,512.940029,597.409338,543.268503,NaN,NaN,NaN,NaN,NaN,NaN,0,0,0,0,487.564503,540.9119137,597.409338,543.268503,529.872359,512.940029,,#VALUE!,#VALUE!,#VALUE!,#VALUE!,#VALUE!,#VALUE!,#VALUE!,#VALUE!,1.641666667
198,480.326819,542.39941,479.988417,542.855196,480.647753,542.497555,526.932173,512.940029,592.23308,543.596636,NaN,NaN,NaN,NaN,NaN,NaN,0,0,0,0,480.3209963,542.5840537,592.23308,543.596636,526.932173,512.940029,,#VALUE!,#VALUE!,#VALUE!,#VALUE!,#VALUE!,#VALUE!,#VALUE!,#VALUE!,1.65
199,476.897144,544.851431,476.633456,544.945933,476.092029,544.438232,520.65313,512.168085,586.857763,543.936547,NaN,NaN,NaN,NaN,NaN,NaN,0,0,0,0,476.5408763,544.7451987,586.857763,543.936547,520.65313,512.168085,,#VALUE!,#VALUE!,#VALUE!,#VALUE!,#VALUE!,#VALUE!,#VALUE!,#VALUE!,1.658333333
200,468.167023,544.624793,468.824497,545.662757,468.617537,544.117874,512.629909,515.667566,582.218603,544.862536,NaN,NaN,NaN,NaN,NaN,NaN,0,0,0,0,468.5363523,544.801808,582.218603,544.862536,512.629909,515.667566,,#VALUE!,#VALUE!,#VALUE!,#VALUE!,#VALUE!,#VALUE!,#VALUE!,#VALUE!,1.666666667
201,466.55897,545.922158,465.411692,546.618522,466.795247,544.941192,506.849203,516.748288,577.002051,545.126911,NaN,NaN,NaN,NaN,NaN,NaN,0,0,0,0,466.255303,545.8272907,577.002051,545.126911,506.849203,516.748288,,#VALUE!,#VALUE!,#VALUE!,#VALUE!,#VALUE!,#VALUE!,#VALUE!,#VALUE!,1.675
202,460.227262,547.894153,459.10668,547.15614,458.784766,546.862266,500.320992,517.31438,571.195801,545.768965,NaN,NaN,NaN,NaN,NaN,NaN,0,0,0,0,459.3729027,547.3041863,571.195801,545.768965,500.320992,517.31438,,#VALUE!,#VALUE!,#VALUE!,#VALUE!,#VALUE!,#VALUE!,#VALUE!,#VALUE!,1.683333333
203,454.900587,547.894153,452.975201,548.171641,452.29286,547.685583,493.632876,519.779,567.067921,546.524322,NaN,NaN,NaN,NaN,NaN,NaN,0,0,0,0,453.3895493,547.9171257,567.067921,546.524322,493.632876,519.779,,#VALUE!,#VALUE!,#VALUE!,#VALUE!,#VALUE!,#VALUE!,#VALUE!,#VALUE!,1.691666667
204,448.568879,549.191518,448.405513,549.665024,447.851029,549.057779,487.785726,522.386456,562.667872,547.355216,NaN,NaN,NaN,NaN,NaN,NaN,0,0,0,0,448.2751403,549.3047737,562.667872,547.355216,487.785726,522.386456,,#VALUE!,#VALUE!,#VALUE!,#VALUE!,#VALUE!,#VALUE!,#VALUE!,#VALUE!,1.7
205,441.684403,550.073727,440.82793,550.381848,440.638462,550.097757,482.470134,525.199765,557.405959,547.846198,NaN,NaN,NaN,NaN,NaN,NaN,0,0,0,0,441.050265,550.184444,557.405959,547.846198,482.470134,525.199765,,#VALUE!,#VALUE!,#VALUE!,#VALUE!,#VALUE!,#VALUE!,#VALUE!,#VALUE!,1.708333333
206,436.508483,551.371092,435.621957,551.63629,439.221125,551.387185,474.895416,526.983814,552.007961,548.412716,NaN,NaN,NaN,NaN,NaN,NaN,0,0,0,0,437.1171883,551.4648557,552.007961,548.412716,474.895416,526.983814,,#VALUE!,#VALUE!,#VALUE!,#VALUE!,#VALUE!,#VALUE!,#VALUE!,#VALUE!,1.716666667
207,431.985834,553.291192,433.164218,553.132663,435.812769,552.119023,468.583151,528.905098,546.83677,549.356913,NaN,NaN,NaN,NaN,NaN,NaN,0,0,0,0,433.6542737,552.847626,546.83677,549.356913,468.583151,528.905098,,#VALUE!,#VALUE!,#VALUE!,#VALUE!,#VALUE!,#VALUE!,#VALUE!,#VALUE!,1.725
208,429.158966,553.652391,428.382435,554.247722,430.312154,552.119023,464.117955,531.343086,541.34805,549.621288,NaN,NaN,NaN,NaN,NaN,NaN,0,0,0,0,429.2845183,553.339712,541.34805,549.621288,464.117955,531.343086,,#VALUE!,#VALUE!,#VALUE!,#VALUE!,#VALUE!,#VALUE!,#VALUE!,#VALUE!,1.733333333
209,419.778658,553.421748,420.978385,553.716742,421.099468,553.338752,458.403694,533.813308,536.585111,550.527717,NaN,NaN,NaN,NaN,NaN,NaN,0,0,0,0,420.618837,553.492414,536.585111,550.527717,458.403694,533.813308,,#VALUE!,#VALUE!,#VALUE!,#VALUE!,#VALUE!,#VALUE!,#VALUE!,#VALUE!,1.741666667
210,414.150473,553.191106,416.248019,553.132663,416.003807,553.025108,452.60084,536.054806,530.688139,551.547449,NaN,NaN,NaN,NaN,NaN,NaN,0,0,0,0,415.467433,553.1162923,530.688139,551.547449,452.60084,536.054806,,#VALUE!,#VALUE!,#VALUE!,#VALUE!,#VALUE!,#VALUE!,#VALUE!,#VALUE!,1.75
211,409.907,553.836905,411.106317,553.982232,411.515575,553.896343,447.418138,537.244172,526.278586,552.393056,NaN,NaN,NaN,NaN,NaN,NaN,0,0,0,0,410.842964,553.90516,526.278586,552.393056,447.418138,537.244172,,#VALUE!,#VALUE!,#VALUE!,#VALUE!,#VALUE!,#VALUE!,#VALUE!,#VALUE!,1.758333333
212,404.770165,553.652391,406.170283,554.460115,407.162328,553.582698,441.349504,538.936732,520.95619,553.512104,NaN,NaN,NaN,NaN,NaN,NaN,0,0,0,0,406.0342587,553.8984013,520.95619,553.512104,441.349504,538.936732,,#VALUE!,#VALUE!,#VALUE!,#VALUE!,#VALUE!,#VALUE!,#VALUE!,#VALUE!,1.766666667
213,400.258683,553.421748,397.892143,554.460115,399.130755,553.896343,435.856726,541.544189,516.117649,554.228295,NaN,NaN,NaN,NaN,NaN,NaN,0,0,0,0,399.0938603,553.9260687,516.117649,554.228295,435.856726,541.544189,,#VALUE!,#VALUE!,#VALUE!,#VALUE!,#VALUE!,#VALUE!,#VALUE!,#VALUE!,1.775
214,396.7299,553.836905,393.213195,555.362782,395.202579,556.672772,430.275355,543.968666,511.171585,554.675914,NaN,NaN,NaN,NaN,NaN,NaN,0,0,0,0,395.048558,555.2908197,511.171585,554.675914,430.275355,543.968666,,#VALUE!,#VALUE!,#VALUE!,#VALUE!,#VALUE!,#VALUE!,#VALUE!,#VALUE!,1.783333333
215,388.823641,555.359147,385.397808,555.946861,387.643452,555.805409,424.206721,545.661225,506.22552,555.526391,NaN,NaN,NaN,NaN,NaN,NaN,0,0,0,0,387.2883003,555.7038057,506.22552,555.526391,424.206721,545.661225,,#VALUE!,#VALUE!,#VALUE!,#VALUE!,#VALUE!,#VALUE!,#VALUE!,#VALUE!,1.791666667
216,381.319394,555.774304,380.256106,555.575174,380.684256,555.640197,417.872308,547.30804,500.74184,556.466391,NaN,NaN,NaN,NaN,NaN,NaN,0,0,0,0,380.753252,555.663225,500.74184,556.466391,417.872308,547.30804,,#VALUE!,#VALUE!,#VALUE!,#VALUE!,#VALUE!,#VALUE!,#VALUE!,#VALUE!,1.8
217,376.13789,555.58979,374.857319,555.097292,374.804935,555.433682,412.113751,549.229324,495.096875,557.093058,NaN,NaN,NaN,NaN,NaN,NaN,0,0,0,0,375.2667147,555.373588,495.096875,557.093058,412.113751,549.229324,,#VALUE!,#VALUE!,#VALUE!,#VALUE!,#VALUE!,#VALUE!,#VALUE!,#VALUE!,1.808333333
218,374.261829,555.359147,372.749221,555.362782,373.085133,555.227167,406.709566,551.836781,491.172281,557.495915,NaN,NaN,NaN,NaN,NaN,NaN,0,0,0,0,373.3653943,555.3163653,491.172281,557.495915,406.709566,551.836781,,#VALUE!,#VALUE!,#VALUE!,#VALUE!,#VALUE!,#VALUE!,#VALUE!,#VALUE!,1.816666667
219,371.261923,555.079813,368.173107,555.097292,369.365563,555.433682,401.140407,552.83739,485.796124,558.659725,NaN,NaN,NaN,NaN,NaN,NaN,0,0,0,0,369.6001977,555.2035957,485.796124,558.659725,401.140407,552.83739,,#VALUE!,#VALUE!,#VALUE!,#VALUE!,#VALUE!,#VALUE!,#VALUE!,#VALUE!,1.825
220,367.450242,554.382759,364.522498,554.247722,364.645916,554.917394,396.273277,554.608004,480.789709,559.516085,NaN,NaN,NaN,NaN,NaN,NaN,0,0,0,0,365.539552,554.5159583,480.789709,559.516085,396.273277,554.608004,,#VALUE!,#VALUE!,#VALUE!,#VALUE!,#VALUE!,#VALUE!,#VALUE!,#VALUE!,1.833333333
221,361.057736,554.669781,354.817697,553.867296,353.340555,554.421758,391.350839,556.093034,476.154267,559.39672,NaN,NaN,NaN,NaN,NaN,NaN,0,0,0,0,356.4053293,554.3196117,476.154267,559.39672,391.350839,556.093034,,#VALUE!,#VALUE!,#VALUE!,#VALUE!,#VALUE!,#VALUE!,#VALUE!,#VALUE!,1.841666667
222,353.95054,553.357681,351.938344,553.230119,350.887505,552.98992,386.428401,557.920765,471.088732,559.675239,463.609601,541.954801,NaN,NaN,374.521997,563.813246,0,0,0,0,352.2587963,553.1925733,471.088732,559.675239,386.428401,557.920765,,-96.566735,4.138007,#VALUE!,#VALUE!,-77.1812,15.965964,#VALUE!,9.233850987,1.85
223,350.178564,552.086583,348.304875,551.743373,347.20793,551.447941,381.450654,559.120213,466.740019,560.431218,NaN,NaN,NaN,NaN,NaN,NaN,0,0,0,0,348.5637897,551.759299,466.740019,560.431218,381.450654,559.120213,,#VALUE!,#VALUE!,#VALUE!,#VALUE!,#VALUE!,#VALUE!,#VALUE!,#VALUE!,1.858333333
224,343.944877,552.947649,340.763712,552.38055,342.141849,552.384143,376.472908,559.976961,462.009001,560.590371,NaN,NaN,NaN,NaN,NaN,NaN,0,0,0,0,342.2834793,552.5707807,462.009001,560.590371,376.472908,559.976961,,#VALUE!,#VALUE!,#VALUE!,#VALUE!,#VALUE!,#VALUE!,#VALUE!,#VALUE!,1.866666667
225,335.408301,551.430533,332.948325,551.389386,334.676044,551.833436,371.439853,560.605244,457.230195,560.789313,NaN,NaN,NaN,NaN,NaN,NaN,0,0,0,0,334.3442233,551.5511183,457.230195,560.789313,371.439853,560.605244,,#VALUE!,#VALUE!,#VALUE!,#VALUE!,#VALUE!,#VALUE!,#VALUE!,#VALUE!,1.875
226,332.47013,551.635549,329.2463,551.743373,332.329648,551.833436,366.572723,562.204508,452.308024,560.908678,NaN,NaN,NaN,NaN,NaN,NaN,0,0,0,0,331.3486927,551.7374527,452.308024,560.908678,366.572723,562.204508,,#VALUE!,#VALUE!,#VALUE!,#VALUE!,#VALUE!,#VALUE!,#VALUE!,#VALUE!,1.883333333
227,328.313176,550.448778,327.5324,551.389386,328.7034,551.447941,362.535217,563.289723,447.194702,561.067832,NaN,NaN,NaN,NaN,NaN,NaN,0,0,0,0,328.182992,551.0953683,447.194702,561.067832,362.535217,563.289723,,#VALUE!,#VALUE!,#VALUE!,#VALUE!,#VALUE!,#VALUE!,#VALUE!,#VALUE!,1.891666667
228,322.013315,550.448778,323.178581,550.440517,321.237596,550.676951,357.889321,563.289723,442.845988,561.266774,NaN,NaN,NaN,NaN,NaN,NaN,0,0,0,0,322.143164,550.522082,442.845988,561.266774,357.889321,563.289723,,#VALUE!,#VALUE!,#VALUE!,#VALUE!,#VALUE!,#VALUE!,#VALUE!,#VALUE!,1.9
229,316.586119,548.241949,318.222235,548.678448,318.843708,549.381179,354.404898,563.403956,438.497274,561.34635,NaN,NaN,NaN,NaN,NaN,NaN,0,0,0,0,317.8840207,548.767192,438.497274,561.34635,354.404898,563.403956,,#VALUE!,#VALUE!,#VALUE!,#VALUE!,#VALUE!,#VALUE!,#VALUE!,#VALUE!,1.908333333
230,312.272353,547.769906,313.672146,548.007183,313.819103,548.597951,351.860717,563.518189,434.052985,561.34635,NaN,NaN,NaN,NaN,NaN,NaN,0,0,0,0,313.254534,548.1250133,434.052985,561.34635,351.860717,563.518189,,#VALUE!,#VALUE!,#VALUE!,#VALUE!,#VALUE!,#VALUE!,#VALUE!,#VALUE!,1.916666667
231,305.354993,546.103711,305.993871,545.154309,305.90298,546.297221,345.776804,564.203588,429.178602,561.545292,NaN,NaN,NaN,NaN,NaN,NaN,0,0,0,0,305.7506147,545.851747,429.178602,561.545292,345.776804,564.203588,,#VALUE!,#VALUE!,#VALUE!,#VALUE!,#VALUE!,#VALUE!,#VALUE!,#VALUE!,1.925
232,297.70026,544.483833,299.290615,543.769826,299.456317,544.486007,340.135358,564.203588,424.160856,561.624869,NaN,NaN,NaN,NaN,NaN,NaN,0,0,0,0,298.8157307,544.2465553,424.160856,561.624869,340.135358,564.203588,,#VALUE!,#VALUE!,#VALUE!,#VALUE!,#VALUE!,#VALUE!,#VALUE!,#VALUE!,1.933333333
233,295.065024,543.447112,294.537398,542.930745,295.474555,543.458021,335.323537,564.83187,418.617441,561.465716,NaN,NaN,NaN,NaN,NaN,NaN,0,0,0,0,295.025659,543.278626,418.617441,561.465716,335.323537,564.83187,,#VALUE!,#VALUE!,#VALUE!,#VALUE!,#VALUE!,#VALUE!,#VALUE!,#VALUE!,1.941666667
234,290.861195,542.799161,287.143504,540.749136,288.98049,542.430035,330.954181,565.403036,414.268727,561.067832,NaN,NaN,NaN,NaN,NaN,NaN,0,0,0,0,288.995063,541.9927773,414.268727,561.067832,330.954181,565.403036,,#VALUE!,#VALUE!,#VALUE!,#VALUE!,#VALUE!,#VALUE!,#VALUE!,#VALUE!,1.95
235,280.947687,539.624201,279.668358,538.987066,281.727994,539.786642,326.806059,565.688619,409.872225,560.908678,NaN,NaN,NaN,NaN,NaN,NaN,0,0,0,0,280.7813463,539.4659697,409.872225,560.908678,326.806059,565.688619,,#VALUE!,#VALUE!,#VALUE!,#VALUE!,#VALUE!,#VALUE!,#VALUE!,#VALUE!,1.958333333
236,273.983135,538.263504,273.208857,537.644537,273.574862,537.534863,321.883621,565.688619,406.288121,560.789313,NaN,NaN,NaN,NaN,NaN,NaN,0,0,0,0,273.5889513,537.8143013,406.288121,560.789313,321.883621,565.688619,,#VALUE!,#VALUE!,#VALUE!,#VALUE!,#VALUE!,#VALUE!,#VALUE!,#VALUE!,1.966666667
237,264.478463,536.773766,265.697118,537.041763,265.089916,536.506877,318.399198,565.117453,400.314613,560.232276,NaN,NaN,NaN,NaN,NaN,NaN,0,0,0,0,265.088499,536.7741353,400.314613,560.232276,318.399198,565.117453,,#VALUE!,#VALUE!,#VALUE!,#VALUE!,#VALUE!,#VALUE!,#VALUE!,#VALUE!,1.975
238,261.873597,535.54211,261.580371,535.587356,261.297761,534.989374,314.527618,565.117453,395.918111,559.874181,NaN,NaN,NaN,NaN,NaN,NaN,0,0,0,0,261.5839097,535.3729467,395.918111,559.874181,314.527618,565.117453,,#VALUE!,#VALUE!,#VALUE!,#VALUE!,#VALUE!,#VALUE!,#VALUE!,#VALUE!,1.983333333
239,256.8541,533.922233,257.192785,533.237931,257.078989,533.422919,310.047646,565.117453,393.411152,560.112455,NaN,NaN,NaN,NaN,NaN,NaN,0,0,0,0,257.041958,533.5276943,393.411152,560.112455,310.047646,565.117453,,#VALUE!,#VALUE!,#VALUE!,#VALUE!,#VALUE!,#VALUE!,#VALUE!,#VALUE!,1.991666667
240,250.579728,531.200839,250.584323,530.608811,251.106345,530.583719,306.176065,565.117453,389.559788,559.970985,NaN,NaN,NaN,NaN,NaN,NaN,0,0,0,0,250.7567987,530.7977897,389.559788,559.970985,306.176065,565.117453,,#VALUE!,#VALUE!,#VALUE!,#VALUE!,#VALUE!,#VALUE!,#VALUE!,#VALUE!,2
241,241.356402,529.192191,243.835615,528.875609,245.694893,529.237738,301.870643,564.874821,385.142047,559.452263,NaN,NaN,NaN,NaN,NaN,NaN,0,0,0,0,243.62897,529.101846,385.142047,559.452263,301.870643,564.874821,,#VALUE!,#VALUE!,#VALUE!,#VALUE!,#VALUE!,#VALUE!,#VALUE!,#VALUE!,2.008333333
242,239.034884,528.868216,239.983688,527.83142,241.902738,528.93315,298.429238,564.874821,380.611031,558.367661,NaN,NaN,NaN,NaN,NaN,NaN,0,0,0,0,240.3071033,528.544262,380.611031,558.367661,298.429238,564.874821,,#VALUE!,#VALUE!,#VALUE!,#VALUE!,#VALUE!,#VALUE!,#VALUE!,#VALUE!,2.016666667
243,236.399648,528.15547,236.228059,527.23474,237.183612,527.105619,296.020255,564.874821,377.609233,558.320505,NaN,NaN,NaN,NaN,NaN,NaN,0,0,0,0,236.603773,527.4986097,377.609233,558.320505,296.020255,564.874821,,#VALUE!,#VALUE!,#VALUE!,#VALUE!,#VALUE!,#VALUE!,#VALUE!,#VALUE!,2.025
244,235.395749,527.377929,233.916903,526.190551,234.444834,525.278088,293.168805,564.417888,373.24813,557.801782,NaN,NaN,NaN,NaN,NaN,NaN,0,0,0,0,234.5858287,526.2821893,373.24813,557.801782,293.168805,564.417888,,#VALUE!,#VALUE!,#VALUE!,#VALUE!,#VALUE!,#VALUE!,#VALUE!,#VALUE!,2.033333333
245,229.937045,525.434076,230.690914,525.494425,232.169541,524.842962,289.481585,561.422441,370.246332,557.00012,NaN,NaN,NaN,NaN,NaN,NaN,0,0,0,0,230.9325,525.2571543,370.246332,557.00012,289.481585,561.422441,,#VALUE!,#VALUE!,#VALUE!,#VALUE!,#VALUE!,#VALUE!,#VALUE!,#VALUE!,2.041666667
246,223.850905,523.360633,222.794464,522.361857,222.941965,522.536792,285.401062,560.610117,365.885228,556.056988,NaN,NaN,NaN,NaN,NaN,NaN,0,0,0,0,223.195778,522.753094,365.885228,556.056988,285.401062,560.610117,,#VALUE!,#VALUE!,#VALUE!,#VALUE!,#VALUE!,#VALUE!,#VALUE!,#VALUE!,2.05
247,221.278412,522.388706,220.001817,521.317667,219.992511,521.1879,283.041242,560.610117,362.770155,555.821205,NaN,NaN,NaN,NaN,NaN,NaN,0,0,0,0,220.4242467,521.6314243,362.770155,555.821205,283.041242,560.610117,,#VALUE!,#VALUE!,#VALUE!,#VALUE!,#VALUE!,#VALUE!,#VALUE!,#VALUE!,2.058333333
248,215.314747,519.930902,217.305468,519.477905,216.453167,519.664958,279.206533,558.477765,357.276298,554.406508,NaN,NaN,NaN,NaN,NaN,NaN,0,0,0,0,216.357794,519.691255,357.276298,554.406508,279.206533,558.477765,,#VALUE!,#VALUE!,#VALUE!,#VALUE!,#VALUE!,#VALUE!,#VALUE!,#VALUE!,2.066666667
249,213.686422,518.954566,213.597988,517.837036,213.419443,517.750402,276.060106,556.853115,352.858557,553.369063,NaN,NaN,NaN,NaN,NaN,NaN,0,0,0,0,213.567951,518.180668,352.858557,553.369063,276.060106,556.853115,,#VALUE!,#VALUE!,#VALUE!,#VALUE!,#VALUE!,#VALUE!,#VALUE!,#VALUE!,2.075
250,209.040375,517.339099,207.868247,516.345338,207.099185,516.357997,273.061167,555.533088,349.347019,552.70887,NaN,NaN,NaN,NaN,NaN,NaN,0,0,0,0,208.0026023,516.6808113,349.347019,552.70887,273.061167,555.533088,,#VALUE!,#VALUE!,#VALUE!,#VALUE!,#VALUE!,#VALUE!,#VALUE!,#VALUE!,2.083333333
251,206.530626,516.475164,205.412643,515.748658,204.444677,515.009106,269.07897,553.654587,346.741685,552.095835,NaN,NaN,NaN,NaN,NaN,NaN,0,0,0,0,205.4626487,515.7443093,346.741685,552.095835,269.07897,553.654587,,#VALUE!,#VALUE!,#VALUE!,#VALUE!,#VALUE!,#VALUE!,#VALUE!,#VALUE!,2.091666667
252,201.260154,515.524836,202.619996,515.549765,200.396303,514.899261,266.522498,551.725316,343.003597,551.860052,NaN,NaN,NaN,NaN,NaN,NaN,0,0,0,0,201.4254843,515.3246207,343.003597,551.860052,266.522498,551.725316,,#VALUE!,#VALUE!,#VALUE!,#VALUE!,#VALUE!,#VALUE!,#VALUE!,#VALUE!,2.1
253,198.164797,514.488114,200.356989,515.301148,199.609782,514.319093,263.720211,549.389883,340.568175,551.199859,NaN,NaN,NaN,NaN,NaN,NaN,0,0,0,0,199.3771893,514.702785,340.568175,551.199859,263.720211,549.389883,,#VALUE!,#VALUE!,#VALUE!,#VALUE!,#VALUE!,#VALUE!,#VALUE!,#VALUE!,2.108333333
254,194.651149,514.056147,196.071721,514.008342,195.901898,513.506857,261.655368,546.191355,337.509739,550.77545,NaN,NaN,NaN,NaN,NaN,NaN,0,0,0,0,195.5415893,513.8571153,337.509739,550.77545,261.655368,546.191355,,#VALUE!,#VALUE!,#VALUE!,#VALUE!,#VALUE!,#VALUE!,#VALUE!,#VALUE!,2.116666667
255,191.137501,513.451393,192.027197,514.008342,191.576032,513.680907,260.819598,543.348219,333.828289,550.303884,NaN,NaN,NaN,NaN,NaN,NaN,0,0,0,0,191.5802433,513.7135473,333.828289,550.303884,260.819598,543.348219,,#VALUE!,#VALUE!,#VALUE!,#VALUE!,#VALUE!,#VALUE!,#VALUE!,#VALUE!,2.125
256,188.376777,512.673852,188.223419,512.964153,188.710849,513.100739,261.311227,540.302002,331.166317,549.738005,NaN,NaN,NaN,NaN,NaN,NaN,0,0,0,0,188.437015,512.9129147,331.166317,549.738005,261.311227,540.302002,,#VALUE!,#VALUE!,#VALUE!,#VALUE!,#VALUE!,#VALUE!,#VALUE!,#VALUE!,2.133333333
257,186.619953,512.673852,184.375913,512.044235,184.778244,512.172469,261.36039,538.16965,328.277794,549.313596,NaN,NaN,NaN,NaN,NaN,NaN,0,0,0,0,185.2580367,512.296852,328.277794,549.313596,261.36039,538.16965,,#VALUE!,#VALUE!,#VALUE!,#VALUE!,#VALUE!,#VALUE!,#VALUE!,#VALUE!,2.141666667
258,181.935089,512.241885,180.86638,511.823243,180.733279,512.172469,261.36039,536.545001,324.822894,548.794873,NaN,NaN,NaN,NaN,NaN,NaN,0,0,0,0,181.1782493,512.079199,324.822894,548.794873,261.36039,536.545001,,#VALUE!,#VALUE!,#VALUE!,#VALUE!,#VALUE!,#VALUE!,#VALUE!,#VALUE!,2.15
259,178.839732,512.241885,178.812019,512.221029,178.654616,512.462553,259.885502,532.280297,321.028168,548.889186,NaN,NaN,329.356492,576.837489,208.711164,523.271559,0,0,0,0,178.768789,512.308489,321.028168,548.889186,259.885502,532.280297,,-112.317004,-25.617627,-69.47099,-44.557192,#VALUE!,#VALUE!,19.82681858,#VALUE!,2.158333333
260,174.907793,510.082048,174.574899,509.966906,174.553471,510.954115,258.564488,530.039918,317.629906,548.464777,NaN,NaN,NaN,NaN,NaN,NaN,0,0,0,0,174.678721,510.3343563,317.629906,548.464777,258.564488,530.039918,,#VALUE!,#VALUE!,#VALUE!,#VALUE!,#VALUE!,#VALUE!,#VALUE!,#VALUE!,2.166666667
261,171.812436,509.822868,171.792952,509.436525,172.193908,511.070149,256.801678,527.190528,313.665266,548.134681,NaN,NaN,NaN,NaN,NaN,NaN,0,0,0,0,171.9330987,510.1098473,313.665266,548.134681,256.801678,527.190528,,#VALUE!,#VALUE!,#VALUE!,#VALUE!,#VALUE!,#VALUE!,#VALUE!,#VALUE!,2.175
262,168.717079,510.427622,169.524595,510.187899,169.441085,510.664031,254.808937,525.053485,307.652984,547.82725,NaN,NaN,NaN,NaN,NaN,NaN,0,0,0,0,169.2275863,510.4265173,307.652984,547.82725,254.808937,525.053485,,#VALUE!,#VALUE!,#VALUE!,#VALUE!,#VALUE!,#VALUE!,#VALUE!,#VALUE!,2.183333333
263,166.70928,510.427622,166.229057,509.966906,165.11522,510.025846,252.31801,523.589215,303.726103,547.491915,NaN,NaN,NaN,NaN,NaN,NaN,0,0,0,0,166.0178523,510.1401247,303.726103,547.491915,252.31801,523.589215,,#VALUE!,#VALUE!,#VALUE!,#VALUE!,#VALUE!,#VALUE!,#VALUE!,#VALUE!,2.191666667
264,163.309386,510.097653,161.307151,509.259731,161.238795,509.445677,249.712118,521.927071,298.993709,547.82725,NaN,NaN,NaN,NaN,NaN,NaN,0,0,0,0,161.9517773,509.6010203,298.993709,547.82725,249.712118,521.927071,,#VALUE!,#VALUE!,#VALUE!,#VALUE!,#VALUE!,#VALUE!,#VALUE!,#VALUE!,2.2
265,160.607401,509.499726,159.937577,509.259731,159.778113,510.025846,247.297835,520.54195,295.217862,548.414088,NaN,NaN,NaN,NaN,NaN,NaN,0,0,0,0,160.107697,509.595101,295.217862,548.414088,247.297835,520.54195,,#VALUE!,#VALUE!,#VALUE!,#VALUE!,#VALUE!,#VALUE!,#VALUE!,#VALUE!,2.208333333
266,157.712416,507.803872,157.883215,509.259731,158.598332,508.923526,244.538655,519.552579,290.686845,548.833258,NaN,NaN,NaN,NaN,NaN,NaN,0,0,0,0,158.0646543,508.6623763,290.686845,548.833258,244.538655,519.552579,,#VALUE!,#VALUE!,#VALUE!,#VALUE!,#VALUE!,#VALUE!,#VALUE!,#VALUE!,2.216666667
