frame,pt1_cam1_X,pt1_cam1_Y,pt2_cam1_X,pt2_cam1_Y,pt3_cam1_X,pt3_cam1_Y,pt4_cam1_X,pt4_cam1_Y,pt5_cam1_X,pt5_cam1_Y,pt6_cam1_X,pt6_cam1_Y,pt7_cam1_X,pt7_cam1_Y,leftx,lefty,rightx,righty,eyex,eyey,tailx,taily,wristx,wristy,,body vector x,body vector y,wing vec down x,wing vec down y,wing vec up x,wing vec  up y,downangle,upangle,time
0,495.68642,404.811357,496.062858,404.382292,495.41875,405.175158,465.50462,382.6124,416.476502,381.66827,NaN,NaN,NaN,NaN,75.24137,621.211652,1740.699155,603.75787,495.722676,404.7896023,416.476502,381.66827,465.50462,382.6124,,79.246174,23.12133233,#VALUE!,#VALUE!,#VALUE!,#VALUE!,#VALUE!,#VALUE!,0
1,500.577211,406.769119,501.127842,406.655636,500.333841,406.92656,470.741771,384.997634,420.319535,382.890151,NaN,NaN,NaN,NaN,0,0,0,0,500.6796313,406.7837717,420.319535,382.890151,470.741771,384.997634,,80.36009633,23.89362067,#VALUE!,#VALUE!,#VALUE!,#VALUE!,#VALUE!,#VALUE!,0.008333333
2,505.345103,408.542817,505.662209,408.429954,505.740442,409.016943,474.397895,387.382869,424.818695,384.47407,NaN,NaN,NaN,NaN,0,0,0,0,505.5825847,408.663238,424.818695,384.47407,474.397895,387.382869,,80.76388967,24.189168,#VALUE!,#VALUE!,#VALUE!,#VALUE!,#VALUE!,#VALUE!,0.016666667
3,509.575399,410.923968,510.486003,410.426061,509.869118,411.38981,478.548091,389.20019,430.583244,386.646303,NaN,NaN,NaN,NaN,0,0,0,0,509.97684,410.9132797,430.583244,386.646303,478.548091,389.20019,,79.393596,24.26697667,#VALUE!,#VALUE!,#VALUE!,#VALUE!,#VALUE!,#VALUE!,0.025
4,514.2979,413.11839,514.537989,412.477615,513.997795,413.480193,482.204215,392.153338,435.316735,388.818535,NaN,NaN,NaN,NaN,0,0,0,0,514.2778947,413.0253993,435.316735,388.818535,482.204215,392.153338,,78.96115967,24.20686433,#VALUE!,#VALUE!,#VALUE!,#VALUE!,#VALUE!,#VALUE!,0.033333333
5,518.819443,414.56209,518.541739,414.806406,518.61798,415.231595,485.761526,393.97066,439.394099,389.995161,NaN,NaN,NaN,NaN,0,0,0,0,518.6597207,414.866697,439.394099,389.995161,485.761526,393.97066,,79.26562167,24.871536,#VALUE!,#VALUE!,#VALUE!,#VALUE!,#VALUE!,#VALUE!,0.041666667
6,523.282718,416.538806,523.172581,416.248039,522.746657,417.039494,490.360486,395.822053,443.75266,391.57908,NaN,NaN,NaN,NaN,0,0,0,0,523.0673187,416.6087797,443.75266,391.57908,490.360486,395.822053,,79.31465867,25.02969967,#VALUE!,#VALUE!,#VALUE!,#VALUE!,#VALUE!,#VALUE!,0.05
7,527.981079,418.287787,528.237565,418.022356,527.612597,418.790896,494.510682,398.548035,447.783157,393.344019,NaN,NaN,NaN,NaN,0,0,0,0,527.943747,418.367013,447.783157,393.344019,494.510682,398.548035,,80.16059,25.022994,#VALUE!,#VALUE!,#VALUE!,#VALUE!,#VALUE!,#VALUE!,0.058333333
8,532.474362,419.262284,532.530741,419.463989,532.331085,419.977329,498.199744,400.592522,451.298126,394.746919,NaN,NaN,NaN,NaN,0,0,0,0,532.445396,419.5678673,451.298126,394.746919,498.199744,400.592522,,81.14727,24.82094833,#VALUE!,#VALUE!,#VALUE!,#VALUE!,#VALUE!,#VALUE!,0.066666667
9,537.39154,420.33423,536.602947,421.076519,535.53869,421.68357,502.745196,404.984383,456.828344,396.511858,NaN,NaN,NaN,NaN,0,0,0,0,536.511059,421.0314397,456.828344,396.511858,502.745196,404.984383,,79.682715,24.51958167,#VALUE!,#VALUE!,#VALUE!,#VALUE!,#VALUE!,#VALUE!,0.075
10,541.923363,421.760417,541.105154,422.604403,541.30573,422.738177,506.302507,406.574539,461.140039,398.095777,NaN,NaN,NaN,NaN,0,0,0,0,541.444749,422.3676657,461.140039,398.095777,506.302507,406.574539,,80.30471,24.27188867,#VALUE!,#VALUE!,#VALUE!,#VALUE!,#VALUE!,#VALUE!,0.083333333
11,546.536417,422.634564,546.250535,423.639422,545.849459,423.792785,510.123322,411.345008,467.326384,400.08699,NaN,NaN,NaN,NaN,0,0,0,0,546.212137,423.3555903,467.326384,400.08699,510.123322,411.345008,,78.885753,23.26860033,#VALUE!,#VALUE!,#VALUE!,#VALUE!,#VALUE!,#VALUE!,0.091666667
12,551.623153,423.511611,551.010011,424.37872,551.354361,424.445637,514.273517,414.525321,471.403748,401.48989,NaN,NaN,NaN,NaN,0,0,0,0,551.329175,424.1119893,471.403748,401.48989,514.273517,414.525321,,79.925427,22.62209933,#VALUE!,#VALUE!,#VALUE!,#VALUE!,#VALUE!,#VALUE!,0.1
13,556.2648,424.681007,556.412661,424.67444,555.679641,425.198928,518.423712,418.462851,476.337751,403.186433,NaN,NaN,NaN,NaN,0,0,0,0,556.119034,424.8514583,476.337751,403.186433,518.423712,418.462851,,79.781283,21.66502533,#VALUE!,#VALUE!,#VALUE!,#VALUE!,#VALUE!,#VALUE!,0.108333333
14,561.605873,425.046444,560.014427,425.709458,560.791336,425.902,523.562049,422.476103,481.295159,405.841384,NaN,NaN,NaN,NaN,0,0,0,0,560.8038787,425.552634,481.295159,405.841384,523.562049,422.476103,,79.50871967,19.71125,#VALUE!,#VALUE!,#VALUE!,#VALUE!,#VALUE!,#VALUE!,0.116666667
15,565.929599,425.704229,565.202685,426.448757,565.597203,426.253536,527.053484,425.656415,486.210908,407.450445,NaN,NaN,NaN,NaN,0,0,0,0,565.5764957,426.1355073,486.210908,407.450445,527.053484,425.656415,,79.36558767,18.68506233,#VALUE!,#VALUE!,#VALUE!,#VALUE!,#VALUE!,#VALUE!,0.125
16,570.889166,426.21584,571.462898,426.251611,571.014726,426.504633,534.10643,428.932745,490.418456,409.139959,NaN,NaN,NaN,NaN,0,0,0,0,571.1222633,426.324028,490.418456,409.139959,534.10643,428.932745,,80.70380733,17.184069,#VALUE!,#VALUE!,#VALUE!,#VALUE!,#VALUE!,#VALUE!,0.133333333
17,575.657981,426.581276,576.222375,427.237343,575.645834,427.559241,540.254868,432.028923,495.292546,411.835136,NaN,NaN,NaN,NaN,0,0,0,0,575.8420633,427.1259533,495.292546,411.835136,540.254868,432.028923,,80.54951733,15.29081733,#VALUE!,#VALUE!,#VALUE!,#VALUE!,#VALUE!,#VALUE!,0.141666667
18,581.034845,426.722866,581.625024,426.99091,581.150736,427.559241,544.178157,436.000107,499.875023,411.996042,491.888228,410.264452,NaN,NaN,0,0,0,0,581.2702017,427.0910057,499.875023,411.996042,544.178157,436.000107,,81.39517867,15.09496367,#VALUE!,#VALUE!,52.289929,25.735655,#VALUE!,15.69883294,0.15
19,585.612907,426.996943,585.867725,427.628618,585.082809,428.362751,550.619377,437.952045,505.707268,413.766009,NaN,NaN,NaN,NaN,0,0,0,0,585.521147,427.6627707,505.707268,413.766009,550.619377,437.952045,,79.813879,13.89676167,#VALUE!,#VALUE!,#VALUE!,#VALUE!,#VALUE!,#VALUE!,0.158333333
20,589.857153,427.654729,590.441397,428.329583,590.991792,428.553226,555.948023,439.836675,509.539886,413.40397,NaN,NaN,NaN,NaN,0,0,0,0,590.430114,428.1791793,509.539886,413.40397,555.948023,439.836675,,80.890228,14.77520933,#VALUE!,#VALUE!,#VALUE!,#VALUE!,#VALUE!,#VALUE!,0.166666667
21,594.05371,428.476961,595.472435,428.767686,595.496685,428.954982,561.745121,441.586688,515.163836,413.766009,NaN,NaN,NaN,NaN,0,0,0,0,595.00761,428.7332097,515.163836,413.766009,561.745121,441.586688,,79.843774,14.96720067,#VALUE!,#VALUE!,#VALUE!,#VALUE!,#VALUE!,#VALUE!,0.175
22,599.299406,429.299193,600.312904,429.950564,600.389932,429.892411,566.663871,443.336702,521.037739,413.564876,NaN,NaN,NaN,NaN,0,0,0,0,600.0007473,429.714056,521.037739,413.564876,566.663871,443.336702,,78.96300833,16.14918,#VALUE!,#VALUE!,#VALUE!,#VALUE!,#VALUE!,#VALUE!,0.183333333
23,603.877469,430.450317,605.915652,430.607719,605.710366,431.142316,571.582621,443.605934,526.780433,413.035046,NaN,NaN,NaN,NaN,0,0,0,0,605.167829,430.7334507,526.780433,413.035046,571.582621,443.605934,,78.387396,17.69840467,#VALUE!,#VALUE!,#VALUE!,#VALUE!,#VALUE!,#VALUE!,0.191666667
24,608.646284,431.930334,611.022918,432.009649,610.914295,432.079745,576.150032,443.605934,531.569662,412.796667,NaN,NaN,NaN,NaN,0,0,0,0,610.194499,432.006576,531.569662,412.796667,576.150032,443.605934,,78.624837,19.209909,#VALUE!,#VALUE!,#VALUE!,#VALUE!,#VALUE!,#VALUE!,0.2
25,612.890529,433.355536,614.719969,433.63063,614.448306,434.400998,581.420121,442.663619,536.457638,413.035046,NaN,NaN,NaN,NaN,0,0,0,0,614.0196013,433.7957213,536.457638,413.035046,581.420121,442.663619,,77.56196333,20.76067533,#VALUE!,#VALUE!,#VALUE!,#VALUE!,#VALUE!,#VALUE!,0.208333333
26,618.088538,435.109631,619.522324,435.689714,619.069705,436.275856,585.753306,441.586688,541.938096,413.035046,NaN,NaN,NaN,NaN,0,0,0,0,618.8935223,435.6917337,541.938096,413.035046,585.753306,441.586688,,76.95542633,22.65668767,#VALUE!,#VALUE!,#VALUE!,#VALUE!,#VALUE!,#VALUE!,0.216666667
27,621.90359,437.41188,622.942823,438.469992,622.836728,438.864945,590.847726,439.500134,547.122314,412.796667,NaN,NaN,NaN,NaN,0,0,0,0,622.561047,438.248939,547.122314,412.796667,590.847726,439.500134,,75.438733,25.452272,#VALUE!,#VALUE!,#VALUE!,#VALUE!,#VALUE!,#VALUE!,0.225
28,626.624717,440.043022,627.059127,441.157024,626.527727,441.368565,597.358457,439.012973,550.825326,412.796667,NaN,NaN,NaN,NaN,0,0,0,0,626.7371903,440.8562037,550.825326,412.796667,597.358457,439.012973,,75.91186433,28.05953667,#VALUE!,#VALUE!,#VALUE!,#VALUE!,#VALUE!,#VALUE!,0.233333333
29,631.269626,442.543188,632.395077,444.252952,631.964667,444.106453,598.217286,438.384764,555.910796,412.605963,NaN,NaN,NaN,NaN,0,0,0,0,631.8764567,443.6341977,555.910796,412.605963,598.217286,438.384764,,75.96566067,31.02823467,#VALUE!,#VALUE!,#VALUE!,#VALUE!,#VALUE!,#VALUE!,0.241666667
30,635.722507,445.688224,636.409744,446.706329,636.314219,447.022899,602.745659,437.666809,559.860676,414.465323,NaN,NaN,NaN,NaN,0,0,0,0,636.1488233,446.472484,559.860676,414.465323,602.745659,437.666809,,76.28814733,32.007161,#VALUE!,#VALUE!,#VALUE!,#VALUE!,#VALUE!,#VALUE!,0.25
31,640.229037,448.956596,641.135872,449.451775,641.233356,449.522709,608.445163,437.577065,566.772966,417.421227,NaN,NaN,NaN,NaN,0,0,0,0,640.8660883,449.31036,566.772966,417.421227,608.445163,437.577065,,74.09312233,31.889133,#VALUE!,#VALUE!,#VALUE!,#VALUE!,#VALUE!,#VALUE!,0.258333333
32,645.003813,451.854963,645.892231,452.505776,646.100712,452.617713,613.363913,437.666809,570.92034,418.613124,NaN,NaN,555.845998,434.662101,0,0,0,0,645.6655853,452.3261507,570.92034,418.613124,613.363913,437.666809,,74.74524533,33.71302667,57.517915,3.004708,#VALUE!,#VALUE!,21.28684981,#VALUE!,0.266666667
33,649.832238,454.691663,650.951502,455.465406,651.22697,455.772236,619.53187,438.025786,577.620529,421.307265,NaN,NaN,NaN,NaN,0,0,0,0,650.6702367,455.3097683,577.620529,421.307265,619.53187,438.025786,,73.04970767,34.00250333,#VALUE!,#VALUE!,#VALUE!,#VALUE!,#VALUE!,#VALUE!,0.275
34,654.553365,458.021702,656.14629,458.217342,655.887205,458.80772,625.309449,439.461695,582.828518,423.849978,NaN,NaN,NaN,NaN,0,0,0,0,655.5289533,458.3489213,582.828518,423.849978,625.309449,439.461695,,72.70043533,34.49894333,#VALUE!,#VALUE!,#VALUE!,#VALUE!,#VALUE!,#VALUE!,0.283333333
35,659.060865,460.843497,661.115217,461.488511,660.403601,461.660947,631.158443,442.07409,588.387609,426.279682,NaN,NaN,NaN,NaN,0,0,0,0,660.1932277,461.330985,588.387609,426.279682,631.158443,442.07409,,71.80561867,35.051303,#VALUE!,#VALUE!,#VALUE!,#VALUE!,#VALUE!,#VALUE!,0.291666667
36,665.579239,464.381664,666.129316,464.500064,665.742734,464.729497,636.016468,443.669544,592.776364,429.048415,NaN,NaN,NaN,NaN,0,0,0,0,665.8170963,464.537075,592.776364,429.048415,636.016468,443.669544,,73.04073233,35.48866,#VALUE!,#VALUE!,#VALUE!,#VALUE!,#VALUE!,#VALUE!,0.3
37,670.649086,467.295448,671.549963,466.94046,670.805704,467.798048,640.92076,446.807269,597.106603,433.003747,NaN,NaN,NaN,NaN,0,0,0,0,671.0015843,467.344652,597.106603,433.003747,640.92076,446.807269,,73.89498133,34.340905,#VALUE!,#VALUE!,#VALUE!,#VALUE!,#VALUE!,#VALUE!,0.308333333
38,674.451471,469.584849,676.564062,469.900089,675.776621,470.549162,645.778785,449.253632,603.25086,437.185099,NaN,NaN,NaN,NaN,0,0,0,0,675.5973847,470.0113667,603.25086,437.185099,645.778785,449.253632,,72.34652467,32.82626767,#VALUE!,#VALUE!,#VALUE!,#VALUE!,#VALUE!,#VALUE!,0.316666667
39,679.5661,472.49488,681.181413,472.610236,680.931646,472.98284,650.17414,452.391358,608.926984,439.727812,NaN,NaN,NaN,NaN,0,0,0,0,680.5597197,472.6959853,608.926984,439.727812,650.17414,452.391358,,71.63273567,32.96817333,#VALUE!,#VALUE!,#VALUE!,#VALUE!,#VALUE!,#VALUE!,0.325
40,685.445893,474.775896,686.963437,475.358967,686.852868,475.63933,654.430695,455.475902,611.443204,442.609554,NaN,NaN,NaN,NaN,0,0,0,0,686.4207327,475.2580643,611.443204,442.609554,654.430695,455.475902,,74.97752867,32.64851033,#VALUE!,#VALUE!,#VALUE!,#VALUE!,#VALUE!,#VALUE!,0.333333333
41,690.811204,477.394841,691.78179,477.328207,691.701046,477.755572,658.640983,458.188173,616.2178,446.833493,NaN,NaN,NaN,NaN,0,0,0,0,691.4313467,477.4928733,616.2178,446.833493,658.640983,458.188173,,75.21354667,30.65938033,#VALUE!,#VALUE!,#VALUE!,#VALUE!,#VALUE!,#VALUE!,0.341666667
42,695.809027,479.168964,696.921367,479.46155,697.232841,479.586518,662.619488,462.094545,618.995631,446.485852,NaN,NaN,NaN,NaN,0,0,0,0,696.6544117,479.4056773,618.995631,446.485852,662.619488,462.094545,,77.65878067,32.91982533,#VALUE!,#VALUE!,#VALUE!,#VALUE!,#VALUE!,#VALUE!,0.35
43,702.350297,480.520677,701.989561,481.389764,701.73326,481.232484,667.348994,465.261817,624.99946,450.945389,NaN,NaN,NaN,NaN,0,0,0,0,702.0243727,481.0476417,624.99946,450.945389,667.348994,465.261817,,77.02491267,30.10225267,#VALUE!,#VALUE!,#VALUE!,#VALUE!,#VALUE!,#VALUE!,0.358333333
44,707.054131,482.294801,707.771585,482.90772,707.95202,482.784394,671.379355,469.232724,630.599185,455.070461,NaN,NaN,NaN,NaN,0,0,0,0,707.5925787,482.662305,630.599185,455.070461,671.379355,469.232724,,76.99339367,27.591844,#VALUE!,#VALUE!,#VALUE!,#VALUE!,#VALUE!,#VALUE!,0.366666667
45,711.684467,483.646514,713.196694,483.810289,712.820655,484.007112,675.533095,474.76363,634.120662,456.241089,NaN,NaN,NaN,NaN,0,0,0,0,712.567272,483.821305,634.120662,456.241089,675.533095,474.76363,,78.44661,27.580216,#VALUE!,#VALUE!,#VALUE!,#VALUE!,#VALUE!,#VALUE!,0.375
46,717.677803,484.515114,717.455701,485.43079,717.449046,485.63029,679.892465,477.930902,640.701782,459.975952,NaN,NaN,NaN,NaN,0,0,0,0,717.5275167,485.1920647,640.701782,459.975952,679.892465,477.930902,,76.82573467,25.21611267,#VALUE!,#VALUE!,#VALUE!,#VALUE!,#VALUE!,#VALUE!,0.383333333
47,721.977402,486.162515,723.404286,485.704296,723.171617,486.499574,686.778185,481.958381,647.225173,462.874651,NaN,NaN,NaN,NaN,0,0,0,0,722.8511017,486.1221283,647.225173,462.874651,686.778185,481.958381,,75.62592867,23.24747733,#VALUE!,#VALUE!,#VALUE!,#VALUE!,#VALUE!,#VALUE!,0.391666667
48,728.096061,486.162515,728.924572,486.579514,727.413609,486.967964,692.883132,485.193935,654.325855,467.501421,NaN,NaN,NaN,NaN,0,0,0,0,728.1447473,486.5699977,654.325855,467.501421,692.883132,485.193935,,73.81889233,19.06857667,#VALUE!,#VALUE!,#VALUE!,#VALUE!,#VALUE!,#VALUE!,0.4
49,733.332751,486.479323,733.921383,487.181226,734.136274,487.487154,695.953883,490.320398,658.65554,468.449072,NaN,NaN,NaN,NaN,0,0,0,0,733.7968027,487.0492343,658.65554,468.449072,695.953883,490.320398,,75.14126267,18.60016233,#VALUE!,#VALUE!,#VALUE!,#VALUE!,#VALUE!,#VALUE!,0.408333333
50,739.341164,486.79613,740.441031,486.853019,739.23289,487.385987,703.447979,493.639992,663.90889,471.347772,NaN,NaN,NaN,NaN,0,0,0,0,739.671695,487.011712,663.90889,471.347772,703.447979,493.639992,,75.762805,15.66394,#VALUE!,#VALUE!,#VALUE!,#VALUE!,#VALUE!,#VALUE!,0.416666667
51,745.735438,486.542684,745.628197,486.853019,744.760677,487.762208,709.438972,495.731713,667.949929,473.075842,NaN,NaN,NaN,NaN,0,0,0,0,745.3747707,487.052637,667.949929,473.075842,709.438972,495.731713,,77.42484167,13.976795,#VALUE!,#VALUE!,#VALUE!,#VALUE!,#VALUE!,#VALUE!,0.425
52,750.696513,487.112938,750.91054,487.454731,749.342921,488.263835,715.093054,497.898087,675.512444,474.803913,658.513988,472.391192,NaN,NaN,0,0,0,0,750.316658,487.6105013,675.512444,474.803913,715.093054,497.898087,,74.804214,12.80658833,#VALUE!,#VALUE!,56.579066,25.506895,#VALUE!,14.55180179,0.433333333
53,756.484434,487.112938,756.420671,487.180201,755.488948,487.762208,720.194726,500.662082,679.842129,475.807309,NaN,NaN,NaN,NaN,0,0,0,0,756.131351,487.3517823,679.842129,475.807309,720.194726,500.662082,,76.289222,11.54447333,#VALUE!,#VALUE!,#VALUE!,#VALUE!,#VALUE!,#VALUE!,0.441666667
54,761.390386,487.112938,761.722402,487.180201,760.616697,488.054824,726.82365,502.940509,684.420156,475.608931,NaN,NaN,NaN,NaN,0,0,0,0,761.2431617,487.449321,684.420156,475.608931,726.82365,502.940509,,76.82300567,11.84039,#VALUE!,#VALUE!,#VALUE!,#VALUE!,#VALUE!,#VALUE!,0.45
55,767.453922,486.79613,767.418942,487.504356,766.726356,487.845812,734.716342,504.263116,690.070394,476.675039,NaN,NaN,NaN,NaN,0,0,0,0,767.19974,487.3820993,690.070394,476.675039,734.716342,504.263116,,77.129346,10.70706033,#VALUE!,#VALUE!,#VALUE!,#VALUE!,#VALUE!,#VALUE!,0.458333333
56,772.084259,487.112938,772.100258,487.569187,772.29051,487.594998,741.561898,505.55796,696.045359,477.176737,NaN,NaN,NaN,NaN,0,0,0,0,772.1583423,487.4257077,696.045359,477.176737,741.561898,505.55796,,76.11298333,10.24897067,#VALUE!,#VALUE!,#VALUE!,#VALUE!,#VALUE!,#VALUE!,0.466666667
57,777.680111,487.191293,778.022404,487.504356,777.636462,487.385987,747.021011,506.105778,700.201856,476.925888,NaN,NaN,NaN,NaN,0,0,0,0,777.779659,487.3605453,700.201856,476.925888,747.021011,506.105778,,77.577803,10.43465733,#VALUE!,#VALUE!,#VALUE!,#VALUE!,#VALUE!,#VALUE!,0.475
58,782.702651,487.282931,782.760121,487.504356,783.416416,487.452402,752.65343,505.308951,705.137696,476.925888,NaN,NaN,NaN,NaN,0,0,0,0,782.9597293,487.4132297,705.137696,476.925888,752.65343,505.308951,,77.82203333,10.48734167,#VALUE!,#VALUE!,#VALUE!,#VALUE!,#VALUE!,#VALUE!,0.483333333
59,788.123805,487.741121,788.682267,487.828511,789.526075,487.452402,759.022396,504.014107,710.268372,477.176737,NaN,NaN,NaN,NaN,0,0,0,0,788.7773823,487.6740113,710.268372,477.176737,759.022396,504.014107,,78.50901033,10.49727433,#VALUE!,#VALUE!,#VALUE!,#VALUE!,#VALUE!,#VALUE!,0.491666667
60,792.747731,488.107673,793.476386,488.217497,794.326521,487.731084,764.64336,502.801435,715.983555,477.176737,NaN,NaN,NaN,NaN,0,0,0,0,793.5168793,488.0187513,715.983555,477.176737,764.64336,502.801435,,77.53332433,10.84201433,#VALUE!,#VALUE!,#VALUE!,#VALUE!,#VALUE!,#VALUE!,0.5
61,796.893319,489.115691,798.778117,488.865806,798.808351,488.823978,770.497224,499.702663,721.309067,476.675039,NaN,NaN,NaN,NaN,0,0,0,0,798.159929,488.9351583,721.309067,476.675039,770.497224,499.702663,,76.850862,12.26011933,#VALUE!,#VALUE!,#VALUE!,#VALUE!,#VALUE!,#VALUE!,0.508333333
62,803.590039,490.03207,803.797841,490.227256,804.239159,489.604288,773.770767,498.153276,725.595454,476.925888,NaN,NaN,NaN,NaN,0,0,0,0,803.8756797,489.954538,725.595454,476.925888,773.770767,498.153276,,78.28022567,13.02865,#VALUE!,#VALUE!,#VALUE!,#VALUE!,#VALUE!,#VALUE!,0.516666667
63,809.011193,491.589915,809.381579,491.264551,809.314378,490.607543,776.089005,497.521556,731.505473,477.176737,NaN,NaN,NaN,NaN,0,0,0,0,809.2357167,491.154003,731.505473,477.176737,776.089005,497.521556,,77.73024367,13.977266,#VALUE!,#VALUE!,#VALUE!,#VALUE!,#VALUE!,#VALUE!,0.525
64,814.51207,492.506295,814.796112,492.626001,815.262406,492.725527,784.715752,495.160586,735.907105,477.478756,NaN,NaN,NaN,NaN,0,0,0,0,814.8568627,492.6192743,735.907105,477.478756,784.715752,495.160586,,78.94975767,15.14051833,#VALUE!,#VALUE!,#VALUE!,#VALUE!,#VALUE!,#VALUE!,0.533333333
65,819.454887,494.06414,820.37985,493.598465,819.794211,493.804359,787.933666,492.642219,740.970107,478.263927,NaN,NaN,NaN,NaN,0,0,0,0,819.876316,493.8223213,740.970107,478.263927,787.933666,492.642219,,78.906209,15.55839433,#VALUE!,#VALUE!,#VALUE!,#VALUE!,#VALUE!,#VALUE!,0.541666667
66,823.99909,495.805261,824.779159,495.673056,825.323836,495.474565,794.711825,491.855229,746.010018,479.176419,NaN,NaN,736.17854,503.008636,0,0,0,0,824.700695,495.6509607,746.010018,479.176419,794.711825,491.855229,,78.690677,16.47454167,58.533285,-11.153407,#VALUE!,#VALUE!,22.61283192,#VALUE!,0.55
67,829.898582,497.729659,829.604542,497.271626,830.207665,497.423139,800.46299,490.989541,752.534902,480.697238,NaN,NaN,NaN,NaN,0,0,0,0,829.9035963,497.474808,752.534902,480.697238,800.46299,490.989541,,77.36869433,16.77757,#VALUE!,#VALUE!,#VALUE!,#VALUE!,#VALUE!,#VALUE!,0.558333333
68,835.399459,499.287504,835.442434,498.859584,836.786707,498.6294,805.255628,490.989541,757.529813,482.087702,NaN,NaN,NaN,NaN,0,0,0,0,835.8762,498.925496,757.529813,482.087702,805.255628,490.989541,,78.346387,16.837794,#VALUE!,#VALUE!,#VALUE!,#VALUE!,#VALUE!,#VALUE!,0.566666667
69,840.421999,500.662073,840.790122,501.011011,841.388001,500.577974,810.938326,490.202551,762.794719,483.738877,NaN,NaN,NaN,NaN,0,0,0,0,840.8667073,500.7503527,762.794719,483.738877,810.938326,490.202551,,78.07198833,17.01147567,#VALUE!,#VALUE!,#VALUE!,#VALUE!,#VALUE!,#VALUE!,0.575
70,845.444539,502.58647,846.226938,502.394071,847.159799,502.758521,816.34716,489.651658,767.969627,484.738273,NaN,NaN,NaN,NaN,0,0,0,0,846.277092,502.5796873,767.969627,484.738273,816.34716,489.651658,,78.307465,17.84141433,#VALUE!,#VALUE!,#VALUE!,#VALUE!,#VALUE!,#VALUE!,0.583333333
71,851.34403,504.144316,851.84201,504.238152,853.052684,503.918386,822.098325,491.855229,773.054537,486.65016,NaN,NaN,NaN,NaN,0,0,0,0,852.0795747,504.1002847,773.054537,486.65016,822.098325,491.855229,,79.02503767,17.45012467,#VALUE!,#VALUE!,#VALUE!,#VALUE!,#VALUE!,#VALUE!,0.591666667
72,857.163799,505.977075,857.189697,505.877334,857.632885,505.866404,827.438693,492.327423,777.329461,487.953719,NaN,NaN,NaN,NaN,0,0,0,0,857.3287937,505.9069377,777.329461,487.953719,827.438693,492.327423,,79.99933267,17.95321867,#VALUE!,#VALUE!,#VALUE!,#VALUE!,#VALUE!,#VALUE!,0.6
73,862.186338,507.351644,862.849333,507.721415,863.552677,507.59847,832.573662,494.294898,780.760058,490.347458,NaN,NaN,NaN,NaN,0,0,0,0,862.8627827,507.5571763,780.760058,490.347458,832.573662,494.294898,,82.10272467,17.20971833,#VALUE!,#VALUE!,#VALUE!,#VALUE!,#VALUE!,#VALUE!,0.608333333
74,868.006107,508.909489,868.241204,509.145212,868.665226,509.206817,838.438333,495.683447,786.159962,491.390305,NaN,NaN,NaN,NaN,0,0,0,0,868.304179,509.0871727,786.159962,491.390305,838.438333,495.683447,,82.144217,17.69686767,#VALUE!,#VALUE!,#VALUE!,#VALUE!,#VALUE!,#VALUE!,0.616666667
75,873.028647,510.284059,873.430442,510.329066,873.723958,510.196569,843.063608,496.94263,790.879878,492.587649,NaN,NaN,NaN,NaN,0,0,0,0,873.394349,510.269898,790.879878,492.587649,843.063608,496.94263,,82.514471,17.682249,#VALUE!,#VALUE!,#VALUE!,#VALUE!,#VALUE!,#VALUE!,0.625
76,877.57285,512.208456,878.659292,511.740584,878.78269,511.866775,847.93232,499.647543,799.999715,494.596096,NaN,NaN,NaN,NaN,0,0,0,0,878.3382773,511.938605,799.999715,494.596096,847.93232,499.647543,,78.33856233,17.342509,#VALUE!,#VALUE!,#VALUE!,#VALUE!,#VALUE!,#VALUE!,0.633333333
77,883.15345,513.124835,884.046592,512.969971,883.895238,512.794667,852.47645,501.839456,804.879629,496.295552,NaN,NaN,NaN,NaN,0,0,0,0,883.6984267,512.9631577,804.879629,496.295552,852.47645,501.839456,,78.81879767,16.66760567,#VALUE!,#VALUE!,#VALUE!,#VALUE!,#VALUE!,#VALUE!,0.641666667
78,888.973218,514.132853,890.028079,513.652964,889.545949,514.093717,858.440621,505.197279,810.319532,497.840511,NaN,NaN,NaN,NaN,0,0,0,0,889.5157487,513.9598447,810.319532,497.840511,858.440621,505.197279,,79.19621667,16.11933367,#VALUE!,#VALUE!,#VALUE!,#VALUE!,#VALUE!,#VALUE!,0.65
79,894.008376,514.715788,895.930342,514.609153,895.196661,514.712312,862.457308,508.461829,815.239444,499.694462,NaN,NaN,NaN,NaN,0,0,0,0,895.0451263,514.6790843,815.239444,499.694462,862.457308,508.461829,,79.80568233,14.98462233,#VALUE!,#VALUE!,#VALUE!,#VALUE!,#VALUE!,#VALUE!,0.658333333
80,899.961015,515.204524,901.357255,515.337679,901.116453,514.95975,867.569455,511.866289,821.346483,501.650657,NaN,NaN,NaN,NaN,0,0,0,0,900.8115743,515.1673177,821.346483,501.650657,867.569455,511.866289,,79.46509133,13.51666067,#VALUE!,#VALUE!,#VALUE!,#VALUE!,#VALUE!,#VALUE!,0.666666667
81,905.134143,515.611804,906.546492,515.565343,906.512409,515.227436,873.089904,515.254925,825.9864,503.092619,NaN,NaN,NaN,NaN,0,0,0,0,906.064348,515.4681943,825.9864,503.092619,873.089904,515.254925,,80.077948,12.37557533,#VALUE!,#VALUE!,#VALUE!,#VALUE!,#VALUE!,#VALUE!,0.675
82,911.086783,515.611804,912.171467,515.337679,912.061468,515.502368,877.634035,516.560746,831.106309,504.637578,NaN,NaN,NaN,NaN,0,0,0,0,911.7732393,515.4839503,831.106309,504.637578,877.634035,516.560746,,80.66693033,10.84637233,#VALUE!,#VALUE!,#VALUE!,#VALUE!,#VALUE!,#VALUE!,0.683333333
83,917.039423,515.204524,917.519155,515.565343,917.036485,515.502368,884.12565,521.784026,836.706209,505.461557,NaN,NaN,NaN,NaN,0,0,0,0,917.1983543,515.4240783,836.706209,505.461557,884.12565,521.784026,,80.49214533,9.962521333,#VALUE!,#VALUE!,#VALUE!,#VALUE!,#VALUE!,#VALUE!,0.691666667
84,921.929091,514.715788,922.594576,514.873629,922.298523,515.502368,890.617264,524.395666,841.612789,505.976543,840.791333,507.478858,NaN,NaN,0,0,0,0,922.2740633,515.030595,841.612789,505.976543,890.617264,524.395666,,80.66127433,9.054052,#VALUE!,#VALUE!,49.825931,16.916808,#VALUE!,12.34876456,0.7
85,927.456543,514.389964,928.298776,514.428419,928.086765,514.567602,896.946589,525.701486,846.092709,507.521503,NaN,NaN,NaN,NaN,0,0,0,0,927.9473613,514.461995,846.092709,507.521503,896.946589,525.701486,,81.85465233,6.940492,#VALUE!,#VALUE!,#VALUE!,#VALUE!,#VALUE!,#VALUE!,0.708333333
86,933.409183,513.493949,934.531143,513.78084,933.635824,513.797795,903.979172,528.997127,852.09092,509.114049,NaN,NaN,NaN,NaN,0,0,0,0,933.8587167,513.6908613,852.09092,509.114049,903.979172,528.997127,,81.76779667,4.576812333,#VALUE!,#VALUE!,#VALUE!,#VALUE!,#VALUE!,#VALUE!,0.716666667
87,938.653175,512.679389,940.305766,512.566631,939.424065,512.643084,908.821917,530.224758,857.542675,510.166911,NaN,NaN,NaN,NaN,0,0,0,0,939.461002,512.6297013,857.542675,510.166911,908.821917,530.224758,,81.918327,2.462790333,#VALUE!,#VALUE!,#VALUE!,#VALUE!,#VALUE!,#VALUE!,0.725
88,944.180627,511.783373,945.481799,511.473843,945.212307,512.038236,914.928844,531.385487,862.947023,510.258464,NaN,NaN,NaN,NaN,0,0,0,0,944.9582443,511.7651507,862.947023,510.258464,914.928844,531.385487,,82.01122133,1.506686667,#VALUE!,#VALUE!,#VALUE!,#VALUE!,#VALUE!,#VALUE!,0.733333333
89,949.424619,510.480078,950.693044,510.826264,950.235162,510.333663,922.893921,532.34392,868.778031,510.533123,NaN,NaN,NaN,NaN,0,0,0,0,950.1176083,510.5466683,868.778031,510.533123,922.893921,532.34392,,81.33957733,0.013545333,#VALUE!,#VALUE!,#VALUE!,#VALUE!,#VALUE!,#VALUE!,0.741666667
90,954.668611,509.258238,955.693021,509.531108,955.4972,509.728815,928.3223,532.884365,874.561632,510.487347,NaN,NaN,NaN,NaN,0,0,0,0,955.2862773,509.5060537,874.561632,510.487347,928.3223,532.884365,,80.72464533,-0.981293333,#VALUE!,#VALUE!,#VALUE!,#VALUE!,#VALUE!,#VALUE!,0.75
91,960.550386,508.362223,961.04511,508.640688,960.520054,508.794049,933.921652,532.884365,880.345232,510.258464,NaN,NaN,NaN,NaN,0,0,0,0,960.7051833,508.5989867,880.345232,510.258464,933.921652,532.884365,,80.35995133,-1.659477333,#VALUE!,#VALUE!,#VALUE!,#VALUE!,#VALUE!,#VALUE!,0.758333333
92,965.085731,507.547663,965.620979,507.778283,965.734255,508.024242,940.888784,532.098263,885.559954,509.754921,NaN,NaN,NaN,NaN,0,0,0,0,965.4803217,507.783396,885.559954,509.754921,940.888784,532.098263,,79.92036767,-1.971525,#VALUE!,#VALUE!,#VALUE!,#VALUE!,#VALUE!,#VALUE!,0.766666667
93,971.038371,506.651648,971.160861,506.842892,971.04413,507.144462,947.172026,530.820847,890.490237,509.114049,NaN,NaN,NaN,NaN,0,0,0,0,971.0811207,506.8796673,890.490237,509.114049,947.172026,530.820847,,80.59088367,-2.234381667,#VALUE!,#VALUE!,#VALUE!,#VALUE!,#VALUE!,#VALUE!,0.775
94,976.211499,506.325824,976.638145,506.267267,976.306168,506.539614,953.797213,530.57519,895.941992,508.106965,NaN,NaN,NaN,NaN,0,0,0,0,976.3852707,506.3775683,895.941992,508.106965,953.797213,530.57519,,80.44327867,-1.729396667,#VALUE!,#VALUE!,#VALUE!,#VALUE!,#VALUE!,#VALUE!,0.783333333
95,981.030302,505.837088,981.58335,505.511759,981.158707,505.741034,960.593373,528.46254,901.298934,507.054104,NaN,NaN,NaN,NaN,0,0,0,0,981.257453,505.696627,901.298934,507.054104,960.593373,528.46254,,79.958519,-1.357477,#VALUE!,#VALUE!,#VALUE!,#VALUE!,#VALUE!,#VALUE!,0.791666667
96,985.919971,505.429808,986.309463,505.331876,986.516418,505.985417,965.135996,526.288817,905.470711,505.909689,NaN,NaN,NaN,NaN,0,0,0,0,986.2486173,505.582367,905.470711,505.909689,965.135996,526.288817,,80.77790633,-0.327322,#VALUE!,#VALUE!,#VALUE!,#VALUE!,#VALUE!,#VALUE!,0.8
97,991.093098,505.348352,991.567656,505.511759,991.193785,505.985417,971.329002,524.672941,910.258774,504.719498,NaN,NaN,NaN,NaN,0,0,0,0,991.2848463,505.615176,910.258774,504.719498,971.329002,524.672941,,81.02607233,0.895678,#VALUE!,#VALUE!,#VALUE!,#VALUE!,#VALUE!,#VALUE!,0.808333333
98,995.203255,506.162912,996.356367,505.871525,996.08376,506.425307,976.306204,521.48486,915.236464,504.307509,NaN,NaN,NaN,NaN,0,0,0,0,995.8811273,506.153248,915.236464,504.307509,976.306204,521.48486,,80.64466333,1.845739,#VALUE!,#VALUE!,#VALUE!,#VALUE!,#VALUE!,#VALUE!,0.816666667
99,1001.155895,506.651648,1000.694756,506.657711,1000.803649,506.767443,981.549363,517.335987,920.024527,503.300424,NaN,NaN,NaN,NaN,0,0,0,0,1000.884767,506.6922673,920.024527,503.300424,981.549363,517.335987,,80.86023967,3.391843333,#VALUE!,#VALUE!,#VALUE!,#VALUE!,#VALUE!,#VALUE!,0.825
100,1005.223376,507.70231,1006.537192,507.776982,1006.118839,507.793853,984.740851,513.8422,925.006575,503.010341,NaN,NaN,NaN,NaN,0,0,0,0,1005.959802,507.757715,925.006575,503.010341,984.740851,513.8422,,80.95322733,4.747374,#VALUE!,#VALUE!,#VALUE!,#VALUE!,#VALUE!,#VALUE!,0.833333333
101,1010.829566,509.222821,1012.212702,508.832294,1011.519072,509.064645,989.421191,508.562111,930.526806,503.376553,NaN,NaN,NaN,NaN,0,0,0,0,1011.520447,509.03992,930.526806,503.376553,989.421191,508.562111,,80.99364067,5.663367,#VALUE!,#VALUE!,#VALUE!,#VALUE!,#VALUE!,#VALUE!,0.841666667
102,1016.498747,510.01928,1016.874687,510.173005,1017.131912,510.335438,996.05746,505.184783,936.173455,503.376553,NaN,NaN,941.905613,536.698423,0,0,0,0,1016.835115,510.1759077,936.173455,503.376553,996.05746,505.184783,,80.66166033,6.799354667,54.151847,-31.51364,#VALUE!,#VALUE!,35.01558623,#VALUE!,0.85
103,1022.3569,511.539791,1022.524093,511.638519,1022.489624,511.557354,1003.200314,501.807455,941.188016,504.597262,NaN,NaN,NaN,NaN,0,0,0,0,1022.456872,511.5785547,941.188016,504.597262,1003.200314,501.807455,,81.26885633,6.981292667,#VALUE!,#VALUE!,#VALUE!,#VALUE!,#VALUE!,#VALUE!,0.858333333
104,1028.026081,512.625871,1028.657106,513.356709,1028.230029,513.170283,1008.012875,501.807455,945.612628,504.882094,NaN,NaN,NaN,NaN,0,0,0,0,1028.304405,513.0509543,945.612628,504.882094,1008.012875,501.807455,,82.69177733,8.168860333,#VALUE!,#VALUE!,#VALUE!,#VALUE!,#VALUE!,#VALUE!,0.866666667
105,1033.632271,514.146382,1034.416422,514.417944,1034.055477,514.441075,1012.572144,501.807455,950.369075,506.664041,NaN,NaN,NaN,NaN,0,0,0,0,1034.034723,514.3351337,950.369075,506.664041,1012.572144,501.807455,,83.66564833,7.671092667,#VALUE!,#VALUE!,#VALUE!,#VALUE!,#VALUE!,#VALUE!,0.875
106,1038.923507,515.666893,1039.708147,515.682909,1039.625796,515.467485,1018.209578,501.069013,955.313404,507.911877,NaN,NaN,NaN,NaN,0,0,0,0,1039.41915,515.6057623,955.313404,507.911877,1018.209578,501.069013,,84.105746,7.693885333,#VALUE!,#VALUE!,#VALUE!,#VALUE!,#VALUE!,#VALUE!,0.883333333
107,1045.222597,516.825378,1045.39419,516.727299,1045.42791,517.03898,1023.973394,501.069013,960.93196,508.83419,NaN,NaN,NaN,NaN,0,0,0,0,1045.348232,516.8638857,960.93196,508.83419,1023.973394,501.069013,,84.41627233,8.029695667,#VALUE!,#VALUE!,#VALUE!,#VALUE!,#VALUE!,#VALUE!,0.891666667
108,1050.828787,518.345889,1051.549184,518.512869,1050.984056,518.385803,1029.557091,501.621118,967.786598,509.70225,NaN,NaN,NaN,NaN,0,0,0,0,1051.120676,518.4148537,967.786598,509.70225,1029.557091,501.621118,,83.33407767,8.712603667,#VALUE!,#VALUE!,#VALUE!,#VALUE!,#VALUE!,#VALUE!,0.9
109,1057.37984,519.8664,1057.411084,519.557259,1057.107154,519.993301,1035.320907,502.173222,975.933504,510.950085,NaN,NaN,NaN,NaN,0,0,0,0,1057.299359,519.8056533,975.933504,510.950085,1035.320907,502.173222,,81.36585533,8.855568333,#VALUE!,#VALUE!,#VALUE!,#VALUE!,#VALUE!,#VALUE!,0.908333333
110,1062.835614,520.886548,1063.382508,520.971146,1063.26805,520.688436,1041.384922,503.242925,980.821647,511.60113,NaN,NaN,NaN,NaN,0,0,0,0,1063.162057,520.84871,980.821647,511.60113,1041.384922,503.242925,,82.34041033,9.24758,#VALUE!,#VALUE!,#VALUE!,#VALUE!,#VALUE!,#VALUE!,0.916666667
111,1068.154846,521.980673,1068.853615,521.899492,1068.446226,521.818029,1047.328857,504.6922,986.945873,512.686204,NaN,NaN,NaN,NaN,0,0,0,0,1068.484896,521.899398,986.945873,512.686204,1047.328857,504.6922,,81.53902267,9.213194,#VALUE!,#VALUE!,#VALUE!,#VALUE!,#VALUE!,#VALUE!,0.925
112,1073.698045,522.624276,1074.58525,523.157252,1074.607122,522.947623,1053.637701,505.429029,992.620614,513.282995,NaN,NaN,NaN,NaN,0,0,0,0,1074.296806,522.909717,992.620614,513.282995,1053.637701,505.429029,,81.67619167,9.626722,#VALUE!,#VALUE!,#VALUE!,#VALUE!,#VALUE!,#VALUE!,0.933333333
113,1079.577195,523.7184,1080.603467,524.415012,1080.465642,524.03377,1058.480907,507.361396,998.070613,514.042547,NaN,NaN,NaN,NaN,0,0,0,0,1080.215435,524.0557273,998.070613,514.042547,1058.480907,507.361396,,82.14482167,10.01318033,#VALUE!,#VALUE!,#VALUE!,#VALUE!,#VALUE!,#VALUE!,0.941666667
114,1085.176386,524.683804,1086.517472,525.373305,1086.286366,525.250255,1063.724379,509.523806,1003.970097,515.019114,NaN,NaN,NaN,NaN,0,0,0,0,1085.993408,525.1024547,1003.970097,515.019114,1063.724379,509.523806,,82.023311,10.08334067,#VALUE!,#VALUE!,#VALUE!,#VALUE!,#VALUE!,#VALUE!,0.95
115,1091.055537,525.649208,1091.285151,526.451385,1090.849658,525.805036,1069.768381,510.720032,1008.437348,515.357277,NaN,NaN,NaN,NaN,0,0,0,0,1091.063449,525.968543,1008.437348,515.357277,1069.768381,510.720032,,82.62610067,10.611266,#VALUE!,#VALUE!,#VALUE!,#VALUE!,#VALUE!,#VALUE!,0.958333333
116,1096.094809,526.03537,1097.004498,526.557226,1096.292413,526.152603,1076.332727,511.686215,1013.082021,516.177111,NaN,NaN,NaN,NaN,0,0,0,0,1096.463907,526.2483997,1013.082021,516.177111,1076.332727,511.686215,,83.38188567,10.07128867,#VALUE!,#VALUE!,#VALUE!,#VALUE!,#VALUE!,#VALUE!,0.966666667
117,1101.973959,526.292811,1102.458236,526.557226,1102.104737,526.809119,1081.776331,513.158495,1018.57572,517.430975,NaN,NaN,NaN,NaN,0,0,0,0,1102.178977,526.553052,1018.57572,517.430975,1081.776331,513.158495,,83.60325733,9.122077,#VALUE!,#VALUE!,#VALUE!,#VALUE!,#VALUE!,#VALUE!,0.975
118,1107.517159,526.421531,1108.085659,526.357582,1107.581088,526.422933,1087.983936,514.428644,1025.118216,518.443711,NaN,NaN,NaN,NaN,0,0,0,0,1107.727969,526.400682,1025.118216,518.443711,1087.983936,514.428644,,82.60975267,7.956971,#VALUE!,#VALUE!,#VALUE!,#VALUE!,#VALUE!,#VALUE!,0.983333333
119,1112.500439,526.03537,1113.574134,526.557226,1113.05744,525.805036,1094.067964,514.674024,1030.112487,519.408222,NaN,NaN,NaN,NaN,0,0,0,0,1113.044004,526.132544,1030.112487,519.408222,1094.067964,514.674024,,82.93151733,6.724322,#VALUE!,#VALUE!,#VALUE!,#VALUE!,#VALUE!,#VALUE!,0.991666667
120,1118.939508,526.03537,1119.062609,526.157938,1119.037751,526.152603,1099.511568,515.962268,1035.156702,520.131605,NaN,NaN,NaN,NaN,0,0,0,0,1119.013289,526.1153037,1035.156702,520.131605,1099.511568,515.962268,,83.85658733,5.983698667,#VALUE!,#VALUE!,#VALUE!,#VALUE!,#VALUE!,#VALUE!,1
121,1124.202748,526.03537,1124.000153,525.69652,1124.010144,525.611943,1104.208011,518.293376,1041,521.481919,NaN,NaN,NaN,NaN,0,0,0,0,1124.071015,525.7812777,1041,521.481919,1104.208011,518.293376,,83.071015,4.299358667,#VALUE!,#VALUE!,#VALUE!,#VALUE!,#VALUE!,#VALUE!,1.008333333
122,1129.857931,524.683804,1129.650734,524.578512,1129.620884,524.800953,1109.758352,519.581621,1046.493699,522.253528,NaN,NaN,NaN,NaN,0,0,0,0,1129.70985,524.6877563,1046.493699,522.253528,1109.758352,519.581621,,83.21615067,2.434228333,#VALUE!,#VALUE!,#VALUE!,#VALUE!,#VALUE!,#VALUE!,1.016666667
123,1134.841211,523.975841,1134.745521,524.046127,1135.158076,524.059657,1115.362062,522.158109,1052.037341,523.362715,NaN,NaN,NaN,NaN,0,0,0,0,1134.914936,524.0272083,1052.037341,523.362715,1115.362062,522.158109,,82.877595,0.664493333,#VALUE!,#VALUE!,#VALUE!,#VALUE!,#VALUE!,#VALUE!,1.025
124,1140.160442,522.624276,1140.581368,522.981357,1140.025945,522.789535,1121.339065,523.705269,1057.431154,523.796745,NaN,NaN,NaN,NaN,0,0,0,0,1140.255918,522.7983893,1057.431154,523.796745,1121.339065,523.705269,,82.82476433,-0.998355667,#VALUE!,#VALUE!,#VALUE!,#VALUE!,#VALUE!,#VALUE!,1.033333333
125,1145.02513,521.488597,1145.722471,521.810109,1145.072998,521.897017,1129.854892,524.963777,1061.826113,524.182549,NaN,NaN,NaN,NaN,0,0,0,0,1145.273533,521.7319077,1061.826113,524.182549,1129.854892,524.963777,,83.44742,-2.450641333,#VALUE!,#VALUE!,#VALUE!,#VALUE!,#VALUE!,#VALUE!,1.041666667
126,1150.549665,519.171627,1150.539361,520.106477,1150.568015,520.077653,1133.553167,527.146726,1067.519583,524.857707,NaN,NaN,NaN,NaN,0,0,0,0,1150.552347,519.7852523,1067.519583,524.857707,1133.553167,527.146726,,83.032764,-5.072454667,#VALUE!,#VALUE!,#VALUE!,#VALUE!,#VALUE!,#VALUE!,1.05
127,1155.103673,518.399304,1155.448883,518.189891,1155.883847,517.915013,1138.750743,528.582877,1073.013282,525.195285,1078.300329,513.829182,NaN,NaN,0,0,0,0,1155.478801,518.1680693,1073.013282,525.195285,1138.750743,528.582877,,82.465519,-7.027215667,#VALUE!,#VALUE!,60.450414,14.753695,#VALUE!,18.58626605,1.058333333
128,1160.329585,517.026285,1159.940063,516.571699,1160.124566,516.679218,1145.097784,529.789244,1079.306065,525.629315,NaN,NaN,NaN,NaN,0,0,0,0,1160.131405,516.7590673,1079.306065,525.629315,1145.097784,529.789244,,80.82533967,-8.870247667,#VALUE!,#VALUE!,#VALUE!,#VALUE!,#VALUE!,#VALUE!,1.066666667
129,1165.032906,515.224198,1165.127482,514.584128,1165.231348,514.516578,1151.394847,529.789244,1085.529381,525.550772,NaN,NaN,NaN,NaN,0,0,0,0,1165.130579,514.774968,1085.529381,525.550772,1151.394847,529.789244,,79.60119767,-10.775804,#VALUE!,#VALUE!,#VALUE!,#VALUE!,#VALUE!,#VALUE!,1.075
130,1167.645861,513.765365,1169.656181,512.359941,1169.651253,512.353937,1157.345142,530.472294,1090.305122,525.249623,NaN,NaN,NaN,NaN,0,0,0,0,1168.984432,512.8264143,1090.305122,525.249623,1157.345142,530.472294,,78.67930967,-12.42320867,#VALUE!,#VALUE!,#VALUE!,#VALUE!,#VALUE!,#VALUE!,1.083333333
131,1173.245052,511.019327,1174.184881,510.088432,1173.617441,510.408149,1162.616757,530.778673,1096.105876,524.982894,NaN,NaN,NaN,NaN,0,0,0,0,1173.682458,510.5053027,1096.105876,524.982894,1162.616757,530.778673,,77.576582,-14.47759133,#VALUE!,#VALUE!,#VALUE!,#VALUE!,#VALUE!,#VALUE!,1.091666667
132,1177.575093,508.873985,1177.89018,508.621415,1177.58164,509.160488,1167.296057,530.472294,1099.973046,523.725458,NaN,NaN,NaN,NaN,0,0,0,0,1177.682304,508.885296,1099.973046,523.725458,1167.296057,530.472294,,77.70925833,-14.840162,#VALUE!,#VALUE!,#VALUE!,#VALUE!,#VALUE!,#VALUE!,1.1
133,1182.278414,505.698878,1182.41888,506.11329,1181.545839,506.882151,1173.138169,529.449599,1104.945121,522.849063,NaN,NaN,NaN,NaN,0,0,0,0,1182.081044,506.2314397,1104.945121,522.849063,1173.138169,529.449599,,77.13592333,-16.61762333,#VALUE!,#VALUE!,#VALUE!,#VALUE!,#VALUE!,#VALUE!,1.108333333
134,1186.459143,504.411673,1187.153429,503.889103,1186.595473,504.65806,1179.772112,528.950315,1109.088517,521.70594,NaN,NaN,NaN,NaN,0,0,0,0,1186.736015,504.319612,1109.088517,521.70594,1179.772112,528.950315,,77.647498,-17.386328,#VALUE!,#VALUE!,#VALUE!,#VALUE!,#VALUE!,#VALUE!,1.116666667
135,1191.685055,502.094703,1190.158839,502.942641,1191.078794,503.247661,1184.115766,528.224084,1112.718921,520.219879,NaN,NaN,NaN,NaN,0,0,0,0,1190.974229,502.7616683,1112.718921,520.219879,1184.115766,528.224084,,78.25530833,-17.45821067,#VALUE!,#VALUE!,#VALUE!,#VALUE!,#VALUE!,#VALUE!,1.125
136,1195.567161,501.236567,1195.181578,501.097039,1195.750885,501.240554,1190.512783,525.1376,1117.059621,518.543297,NaN,NaN,NaN,NaN,0,0,0,0,1195.499875,501.1913867,1117.059621,518.543297,1190.512783,525.1376,,78.44025367,-17.35191033,#VALUE!,#VALUE!,#VALUE!,#VALUE!,#VALUE!,#VALUE!,1.133333333
137,1199.266413,500.318129,1199.398056,499.820267,1200.422977,499.558924,1195.448465,523.711849,1121.203017,517.209653,NaN,NaN,NaN,NaN,0,0,0,0,1199.695815,499.8991067,1121.203017,517.209653,1195.448465,523.711849,,78.49279833,-17.31054633,#VALUE!,#VALUE!,#VALUE!,#VALUE!,#VALUE!,#VALUE!,1.141666667
138,1203.447143,499.173947,1203.515056,498.810708,1203.679283,498.690986,1201.731406,520.5245,1123.610132,515.876009,NaN,NaN,NaN,NaN,0,0,0,0,1203.547161,498.8918803,1123.610132,515.876009,1201.731406,520.5245,,79.93702867,-16.98412867,#VALUE!,#VALUE!,#VALUE!,#VALUE!,#VALUE!,#VALUE!,1.15
139,1207.130166,497.915346,1206.973335,497.801148,1207.360325,498.094279,1207.101742,518.184422,1129.292504,513.704074,NaN,NaN,NaN,NaN,0,0,0,0,1207.154609,497.9369243,1129.292504,513.704074,1207.101742,518.184422,,77.86210467,-15.76714967,#VALUE!,#VALUE!,#VALUE!,#VALUE!,#VALUE!,#VALUE!,1.158333333
140,1210.813189,497.228837,1210.980548,496.854685,1211.421748,496.956098,1212.436976,516.08642,1132.413408,512.308575,NaN,NaN,NaN,NaN,0,0,0,0,1211.071828,497.0132067,1132.413408,512.308575,1212.436976,516.08642,,78.65842033,-15.29536833,#VALUE!,#VALUE!,#VALUE!,#VALUE!,#VALUE!,#VALUE!,1.166666667
141,1215.367535,496.399047,1215.042654,496.4761,1215.616667,496.377473,1216.684104,512.051801,1137.60471,511.021503,NaN,NaN,NaN,NaN,0,0,0,0,1215.342285,496.41754,1137.60471,511.021503,1216.684104,512.051801,,77.73757533,-14.603963,#VALUE!,#VALUE!,#VALUE!,#VALUE!,#VALUE!,#VALUE!,1.175
142,1219.1501,496.399047,1219.653694,496.4761,1220.021333,496.715004,1221.005601,508.583652,1140.691431,509.327986,NaN,NaN,NaN,NaN,0,0,0,0,1219.608376,496.5300503,1140.691431,509.327986,1221.005601,508.583652,,78.91694467,-12.79793567,#VALUE!,#VALUE!,#VALUE!,#VALUE!,#VALUE!,#VALUE!,1.183333333
143,1223.662633,496.85672,1223.660907,496.854685,1224.425998,496.956098,1225.221095,504.80074,1144.128915,507.566729,NaN,NaN,NaN,NaN,0,0,0,0,1223.916513,496.8891677,1144.128915,507.566729,1225.221095,504.80074,,79.78759767,-10.67756133,#VALUE!,#VALUE!,#VALUE!,#VALUE!,#VALUE!,#VALUE!,1.191666667
144,1227.843362,497.314393,1228.271946,497.170173,1228.159477,497.390067,1228.770985,503.440592,1148.057468,506.347397,NaN,NaN,NaN,NaN,0,0,0,0,1228.091595,497.2915443,1148.057468,506.347397,1228.770985,503.440592,,80.034127,-9.055852667,#VALUE!,#VALUE!,#VALUE!,#VALUE!,#VALUE!,#VALUE!,1.2
145,1231.54445,497.881444,1230.906826,497.801148,1230.340835,497.968692,1228.770985,501.655398,1151.775563,505.195806,NaN,NaN,NaN,NaN,0,0,0,0,1230.930704,497.8837613,1151.775563,505.195806,1228.770985,501.655398,,79.15514067,-7.312044667,#VALUE!,#VALUE!,#VALUE!,#VALUE!,#VALUE!,#VALUE!,1.208333333
146,1236.794325,498.695085,1236.670625,499.126195,1236.465417,499.222381,1232.690655,497.44744,1154.511519,504.518399,NaN,NaN,NaN,NaN,0,0,0,0,1236.643456,499.0145537,1154.511519,504.518399,1232.690655,497.44744,,82.13193667,-5.503845333,#VALUE!,#VALUE!,#VALUE!,#VALUE!,#VALUE!,#VALUE!,1.216666667
147,1241.218378,499.712136,1240.952305,500.135755,1241.121778,500.234975,1235.981699,491.411783,1158.860989,503.366808,NaN,NaN,NaN,NaN,0,0,0,0,1241.097487,500.027622,1158.860989,503.366808,1235.981699,491.411783,,82.236498,-3.339186,#VALUE!,#VALUE!,#VALUE!,#VALUE!,#VALUE!,#VALUE!,1.225
148,1245.819392,500.729187,1245.233984,500.829827,1245.274748,500.42785,1239.457633,488.946515,1162.22832,503.366808,NaN,NaN,NaN,NaN,0,0,0,0,1245.442708,500.662288,1162.22832,503.366808,1239.457633,488.946515,,83.214388,-2.70452,#VALUE!,#VALUE!,#VALUE!,#VALUE!,#VALUE!,#VALUE!,1.233333333
149,1250.420406,501.136008,1249.868661,501.3652,1250.39255,501.440444,1244.338731,487.16132,1166.507637,503.705511,NaN,NaN,NaN,NaN,0,0,0,0,1250.227206,501.313884,1166.507637,503.705511,1244.338731,487.16132,,83.71956867,-2.391627,#VALUE!,#VALUE!,#VALUE!,#VALUE!,#VALUE!,#VALUE!,1.241666667
150,1254.785471,502.153059,1254.455304,501.645633,1255.006962,501.777976,1246.668347,486.0562,1171.698939,503.705511,NaN,NaN,1208.805736,511.54712,0,0,0,0,1254.749246,501.8588893,1171.698939,503.705511,1246.668347,486.0562,,83.05030667,-1.846621667,37.862611,-25.49092,#VALUE!,#VALUE!,32.67656448,#VALUE!,1.25
151,1259.150536,502.831093,1258.602799,502.599106,1259.24383,502.79057,1249.737522,486.0562,1175.346881,504.315177,NaN,NaN,NaN,NaN,0,0,0,0,1258.999055,502.7402563,1175.346881,504.315177,1249.737522,486.0562,,83.652174,-1.574920667,#VALUE!,#VALUE!,#VALUE!,#VALUE!,#VALUE!,#VALUE!,1.258333333
152,1264.046487,503.305717,1263.970147,503.159973,1264.48748,503.272758,1252.39994,486.736274,1181.239711,504.789362,NaN,NaN,NaN,NaN,0,0,0,0,1264.168038,503.2461493,1181.239711,504.789362,1252.39994,486.736274,,82.928327,-1.543212667,#VALUE!,#VALUE!,#VALUE!,#VALUE!,#VALUE!,#VALUE!,1.266666667
153,1269.355349,504.254965,1269.093524,504.001273,1269.605282,504.044258,1255.562545,487.692865,1185.869791,505.466768,NaN,NaN,NaN,NaN,0,0,0,0,1269.351385,504.1001653,1185.869791,505.466768,1255.562545,487.692865,,83.481594,-1.366602667,#VALUE!,#VALUE!,#VALUE!,#VALUE!,#VALUE!,#VALUE!,1.275
154,1273.956364,505.000802,1273.972931,504.954746,1274.38749,504.526446,1259.950604,488.259593,1190.429719,505.737731,NaN,NaN,NaN,NaN,0,0,0,0,1274.105595,504.8273313,1190.429719,505.737731,1259.950604,488.259593,,83.675876,-0.910399667,#VALUE!,#VALUE!,#VALUE!,#VALUE!,#VALUE!,#VALUE!,1.283333333
155,1278.970289,506.085657,1278.559573,505.796046,1278.964738,505.48548,1265.374047,488.882994,1194.709036,505.466768,NaN,NaN,NaN,NaN,0,0,0,0,1278.831533,505.789061,1194.709036,505.466768,1265.374047,488.882994,,84.12249733,0.322293,#VALUE!,#VALUE!,#VALUE!,#VALUE!,#VALUE!,#VALUE!,1.291666667
156,1283.75559,506.569397,1283.682951,505.796046,1283.803915,506.323653,1270.353753,489.166358,1199.619727,505.466768,NaN,NaN,NaN,NaN,0,0,0,0,1283.747485,506.2296987,1199.619727,505.466768,1270.353753,489.166358,,84.12775833,0.762930667,#VALUE!,#VALUE!,#VALUE!,#VALUE!,#VALUE!,#VALUE!,1.3
157,1288.474579,507.473442,1288.318387,507.254299,1288.510511,507.085629,1274.889724,490.073124,1203.899044,505.466768,NaN,NaN,NaN,NaN,0,0,0,0,1288.434492,507.2711233,1203.899044,505.466768,1274.889724,490.073124,,84.53544833,1.804355333,#VALUE!,#VALUE!,#VALUE!,#VALUE!,#VALUE!,#VALUE!,1.308333333
158,1292.931402,508.136409,1293.197794,507.871252,1292.852511,508.266692,1279.918735,491.546617,1208.006817,506.470651,NaN,NaN,NaN,NaN,0,0,0,0,1292.993902,508.091451,1208.006817,506.470651,1279.918735,491.546617,,84.98708533,1.6208,#VALUE!,#VALUE!,#VALUE!,#VALUE!,#VALUE!,#VALUE!,1.316666667
159,1297.597958,508.980185,1297.247701,508.712552,1297.028787,509.295359,1285.292874,493.020111,1212.309518,506.064207,NaN,NaN,NaN,NaN,0,0,0,0,1297.291482,508.996032,1212.309518,506.064207,1285.292874,493.020111,,84.981964,2.931825,#VALUE!,#VALUE!,#VALUE!,#VALUE!,#VALUE!,#VALUE!,1.325
160,1302.316947,510.00477,1302.371079,509.609939,1302.265704,509.485853,1290.02606,493.926876,1216.612219,505.838405,NaN,NaN,NaN,NaN,0,0,0,0,1302.31791,509.7001873,1216.612219,505.838405,1290.02606,493.926876,,85.705691,3.861782333,#VALUE!,#VALUE!,#VALUE!,#VALUE!,#VALUE!,#VALUE!,1.333333333
161,1306.144571,509.643151,1306.957721,510.226892,1306.806575,510.095433,1294.611335,495.117006,1220.868151,505.838405,NaN,NaN,NaN,NaN,0,0,0,0,1306.636289,509.988492,1220.868151,505.838405,1294.611335,495.117006,,85.768138,4.150087,#VALUE!,#VALUE!,#VALUE!,#VALUE!,#VALUE!,#VALUE!,1.341666667
162,1311.387892,510.245848,1311.795481,510.539691,1310.78398,510.895508,1300.240253,495.984966,1224.749936,506.470651,NaN,NaN,NaN,NaN,0,0,0,0,1311.322451,510.560349,1224.749936,506.470651,1300.240253,495.984966,,86.572515,4.089698,#VALUE!,#VALUE!,#VALUE!,#VALUE!,#VALUE!,#VALUE!,1.35
163,1315.792282,510.908815,1315.438771,511.586642,1314.751278,511.311302,1305.104917,497.042859,1229.052637,506.470651,NaN,NaN,NaN,NaN,0,0,0,0,1315.327444,511.2689197,1229.052637,506.470651,1305.104917,497.042859,,86.27480667,4.798268667,#VALUE!,#VALUE!,#VALUE!,#VALUE!,#VALUE!,#VALUE!,1.358333333
164,1319.619906,511.270433,1319.732649,511.287514,1319.46524,511.612329,1309.706626,498.100752,1233.963328,506.244849,NaN,NaN,NaN,NaN,0,0,0,0,1319.605932,511.390092,1233.963328,506.244849,1309.706626,498.100752,,85.64260367,5.145243,#VALUE!,#VALUE!,#VALUE!,#VALUE!,#VALUE!,#VALUE!,1.366666667
165,1324.024296,511.511512,1324.546997,511.586642,1324.441088,511.612329,1314.089207,499.4609,1237.050049,507.102897,NaN,NaN,NaN,NaN,0,0,0,0,1324.33746,511.570161,1237.050049,507.102897,1314.089207,499.4609,,87.28741133,4.467264,#VALUE!,#VALUE!,#VALUE!,#VALUE!,#VALUE!,#VALUE!,1.375
166,1328.16652,511.270433,1329.10111,511.287514,1328.526522,512.575617,1318.690916,500.770672,1241.773666,507.238379,NaN,NaN,NaN,NaN,0,0,0,0,1328.598051,511.711188,1241.773666,507.238379,1318.690916,500.770672,,86.82438467,4.472809,#VALUE!,#VALUE!,#VALUE!,#VALUE!,#VALUE!,#VALUE!,1.383333333
167,1332.833076,511.270433,1332.917891,511.835916,1332.926219,512.27459,1323.687057,502.332323,1246.684357,507.419021,NaN,NaN,NaN,NaN,0,0,0,0,1332.892395,511.7936463,1246.684357,507.419021,1323.687057,502.332323,,86.20803833,4.374625333,#VALUE!,#VALUE!,#VALUE!,#VALUE!,#VALUE!,#VALUE!,1.391666667
168,1336.136368,511.511512,1337.255141,511.835916,1337.325917,511.913357,1328.814676,502.634579,1250.054533,508.484999,NaN,NaN,NaN,NaN,0,0,0,0,1336.905809,511.753595,1250.054533,508.484999,1328.814676,502.634579,,86.85127567,3.268596,#VALUE!,#VALUE!,#VALUE!,#VALUE!,#VALUE!,#VALUE!,1.4
169,1341.012656,510.908815,1341.178026,511.703239,1340.939954,511.672535,1333.416385,503.692471,1254.419592,508.444856,NaN,NaN,NaN,NaN,0,0,0,0,1341.043545,511.4281963,1254.419592,508.444856,1333.416385,503.692471,,86.62395333,2.983340333,#VALUE!,#VALUE!,#VALUE!,#VALUE!,#VALUE!,#VALUE!,1.408333333
170,1344.677581,511.321621,1345.61166,511.437346,1345.339652,511.612329,1337.974269,504.750364,1258.618363,509.167423,NaN,NaN,NaN,NaN,0,0,0,0,1345.209631,511.4570987,1258.618363,509.167423,1337.974269,504.750364,,86.591268,2.289675667,#VALUE!,#VALUE!,#VALUE!,#VALUE!,#VALUE!,#VALUE!,1.416666667
171,1350.03742,511.321621,1349.891081,511.215769,1349.739349,511.612329,1342.593582,506.089557,1263.315998,509.327994,NaN,NaN,NaN,NaN,0,0,0,0,1349.889283,511.3832397,1263.315998,509.327994,1342.593582,506.089557,,86.57328533,2.055245667,#VALUE!,#VALUE!,#VALUE!,#VALUE!,#VALUE!,#VALUE!,1.425
172,1354.232077,510.839464,1354.054841,510.949877,1353.87716,511.311302,1346.917727,507.970256,1267.182194,510.050561,NaN,NaN,NaN,NaN,0,0,0,0,1354.054693,511.0335477,1267.182194,510.050561,1346.917727,507.970256,,86.87249867,0.982986667,#VALUE!,#VALUE!,#VALUE!,#VALUE!,#VALUE!,#VALUE!,1.433333333
173,1358.380126,510.196587,1358.372815,510.506723,1357.64833,510.649042,1351.826217,509.627061,1270.757385,510.572415,NaN,NaN,NaN,NaN,0,0,0,0,1358.133757,510.450784,1270.757385,510.572415,1351.826217,509.627061,,87.376372,-0.121631,#VALUE!,#VALUE!,#VALUE!,#VALUE!,#VALUE!,#VALUE!,1.441666667
174,1362.761212,509.392991,1362.652236,510.019254,1362.362291,510.046987,1356.306188,512.000324,1275.704452,510.572415,NaN,NaN,NaN,NaN,0,0,0,0,1362.591913,509.819744,1275.704452,510.572415,1356.306188,512.000324,,86.887461,-0.752671,#VALUE!,#VALUE!,#VALUE!,#VALUE!,#VALUE!,#VALUE!,1.45
175,1367.142298,508.000092,1366.893103,508.867054,1366.395347,509.685754,1359.188952,513.881022,1279.695363,510.732985,NaN,NaN,NaN,NaN,0,0,0,0,1366.810249,508.8509667,1279.695363,510.732985,1359.188952,513.881022,,87.11488633,-1.882018333,#VALUE!,#VALUE!,#VALUE!,#VALUE!,#VALUE!,#VALUE!,1.458333333
176,1371.103919,507.678653,1370.748436,508.158008,1370.061762,508.120411,1364.253267,515.045264,1284.22671,510.732985,1308.822453,502.888671,NaN,NaN,0,0,0,0,1370.638039,507.9856907,1284.22671,510.732985,1364.253267,515.045264,,86.411329,-2.747294333,#VALUE!,#VALUE!,55.430814,12.156593,#VALUE!,14.19076832,1.466666667
177,1374.506252,506.553619,1375.143517,507.005808,1375.037611,506.856096,1369.910858,515.834054,1290.628796,510.893556,NaN,NaN,NaN,NaN,0,0,0,0,1374.895793,506.8051743,1290.628796,510.893556,1369.910858,515.834054,,84.26699733,-4.088381667,#VALUE!,#VALUE!,#VALUE!,#VALUE!,#VALUE!,#VALUE!,1.475
178,1378.90439,506.140891,1379.128803,505.881826,1378.861157,505.59178,1373.121235,517.488276,1294.993855,510.732985,NaN,NaN,NaN,NaN,0,0,0,0,1378.964783,505.871499,1294.993855,510.732985,1373.121235,517.488276,,83.97092833,-4.861486,#VALUE!,#VALUE!,#VALUE!,#VALUE!,#VALUE!,#VALUE!,1.483333333
179,1382.746273,504.16775,1382.555766,504.030427,1382.422817,504.327465,1377.161882,518.824379,1298.776906,510.572415,NaN,NaN,NaN,NaN,0,0,0,0,1382.574952,504.175214,1298.776906,510.572415,1377.161882,518.824379,,83.798046,-6.397201,#VALUE!,#VALUE!,#VALUE!,#VALUE!,#VALUE!,#VALUE!,1.491666667
180,1387.160351,502.758364,1387.079358,502.336595,1385.319275,502.706303,1380.649016,519.842362,1303.141965,509.849848,NaN,NaN,NaN,NaN,0,0,0,0,1386.519661,502.6004207,1303.141965,509.849848,1380.649016,519.842362,,83.37769633,-7.249427333,#VALUE!,#VALUE!,#VALUE!,#VALUE!,#VALUE!,#VALUE!,1.5
181,1391.002234,501.161059,1391.225984,500.721545,1390.673404,500.940275,1383.30588,520.542226,1308.795756,509.689277,NaN,NaN,NaN,NaN,0,0,0,0,1390.967207,500.9409597,1308.795756,509.689277,1383.30588,520.542226,,82.17145133,-8.748317333,#VALUE!,#VALUE!,#VALUE!,#VALUE!,#VALUE!,#VALUE!,1.508333333
182,1394.806517,499.386988,1395.132722,498.870147,1394.304901,499.602375,1386.737662,521.178465,1313.751734,508.727035,NaN,NaN,NaN,NaN,0,0,0,0,1394.748047,499.2865033,1313.751734,508.727035,1386.737662,521.178465,,80.99631267,-9.440531667,#VALUE!,#VALUE!,#VALUE!,#VALUE!,#VALUE!,#VALUE!,1.516666667
183,1398.686,497.778532,1398.936651,497.215706,1398.215743,497.6758,1390.778309,521.496585,1318.235351,507.204589,NaN,NaN,NaN,NaN,0,0,0,0,1398.612798,497.5566793,1318.235351,507.204589,1390.778309,521.496585,,80.377447,-9.647909667,#VALUE!,#VALUE!,#VALUE!,#VALUE!,#VALUE!,#VALUE!,1.525
184,1401.672861,496.129739,1401.986649,495.561265,1401.381663,496.498448,1393.711929,521.878329,1322.324803,505.539414,NaN,NaN,NaN,NaN,0,0,0,0,1401.680391,496.0631507,1322.324803,505.539414,1393.711929,521.878329,,79.355588,-9.476263333,#VALUE!,#VALUE!,#VALUE!,#VALUE!,#VALUE!,#VALUE!,1.533333333
185,1405.433002,495.190149,1405.565703,494.785746,1405.292505,494.839452,1397.47582,520.542226,1325.379574,504.492732,NaN,NaN,NaN,NaN,0,0,0,0,1405.430403,494.938449,1325.379574,504.492732,1397.47582,520.542226,,80.05082933,-9.554283,#VALUE!,#VALUE!,#VALUE!,#VALUE!,#VALUE!,#VALUE!,1.541666667
186,1409.138648,493.874721,1409.408846,493.805336,1409.249905,493.715616,1399.523819,519.842362,1327.744559,503.493627,NaN,NaN,NaN,NaN,0,0,0,0,1409.2658,493.7985577,1327.744559,503.493627,1399.523819,519.842362,,81.52124067,-9.695069333,#VALUE!,#VALUE!,#VALUE!,#VALUE!,#VALUE!,#VALUE!,1.55
187,1412.844294,492.93513,1413.612587,492.719883,1413.440094,492.85936,1403.509114,518.18814,1330.947142,502.018758,NaN,NaN,NaN,NaN,0,0,0,0,1413.298992,492.8381243,1330.947142,502.018758,1403.509114,518.18814,,82.35184967,-9.180633667,#VALUE!,#VALUE!,#VALUE!,#VALUE!,#VALUE!,#VALUE!,1.558333333
188,1416.822414,492.559294,1417.268015,492.159649,1417.350936,492.59178,1410.594085,517.170157,1335.085864,500.781771,NaN,NaN,NaN,NaN,0,0,0,0,1417.147122,492.4369077,1335.085864,500.781771,1410.594085,517.170157,,82.06125767,-8.344863333,#VALUE!,#VALUE!,#VALUE!,#VALUE!,#VALUE!,#VALUE!,1.566666667
189,1420.855028,492.183458,1421.410833,492.159649,1421.494566,492.3242,1415.132894,515.197814,1338.731882,499.735089,NaN,NaN,NaN,NaN,0,0,0,0,1421.253476,492.2224357,1338.731882,499.735089,1415.132894,515.197814,,82.52159367,-7.512653333,#VALUE!,#VALUE!,#VALUE!,#VALUE!,#VALUE!,#VALUE!,1.575
190,1424.015726,492.183458,1425.21857,492.334722,1424.613929,492.003105,1422.407635,511.642658,1341.540301,498.212643,NaN,NaN,NaN,NaN,0,0,0,0,1424.616075,492.1737617,1341.540301,498.212643,1422.407635,511.642658,,83.075774,-6.038881333,#VALUE!,#VALUE!,#VALUE!,#VALUE!,#VALUE!,#VALUE!,1.583333333
191,1427.993846,492.183458,1428.447531,492.54481,1428.338541,492.3242,1427.578719,505.132632,1344.989236,496.832927,NaN,NaN,NaN,NaN,0,0,0,0,1428.259973,492.3508227,1344.989236,496.832927,1427.578719,505.132632,,83.27073667,-4.482104333,#VALUE!,#VALUE!,#VALUE!,#VALUE!,#VALUE!,#VALUE!,1.591666667
192,1431.427018,492.809851,1432.011573,493.070029,1431.225115,492.85936,1431.793643,500.118939,1350.162639,494.977446,NaN,NaN,NaN,NaN,0,0,0,0,1431.554569,492.91308,1350.162639,494.977446,1431.793643,500.118939,,81.39192967,-2.064366,#VALUE!,#VALUE!,#VALUE!,#VALUE!,#VALUE!,#VALUE!,1.6
193,1434.315242,493.874721,1434.204829,493.665278,1434.391035,493.715616,1436.197192,497.773474,1352.527624,494.12107,NaN,NaN,NaN,NaN,0,0,0,0,1434.303702,493.7518717,1352.527624,494.12107,1436.197192,497.773474,,81.776078,-0.369198333,#VALUE!,#VALUE!,#VALUE!,#VALUE!,#VALUE!,#VALUE!,1.608333333
194,1437.748414,494.501115,1439.188081,495.01501,1438.581223,493.983196,1440.054985,492.395627,1355.976559,493.217118,NaN,NaN,NaN,NaN,0,0,0,0,1438.505906,494.4997737,1355.976559,493.217118,1440.054985,492.395627,,82.529347,1.282655667,#VALUE!,#VALUE!,#VALUE!,#VALUE!,#VALUE!,#VALUE!,1.616666667
195,1443.688346,495.440706,1443.249667,495.528558,1443.469776,495.695708,1441.368276,489.848225,1358.144462,492.646201,NaN,NaN,NaN,NaN,0,0,0,0,1443.469263,495.5549907,1358.144462,492.646201,1441.368276,489.848225,,85.324801,2.908789667,#VALUE!,#VALUE!,#VALUE!,#VALUE!,#VALUE!,#VALUE!,1.625
196,1447.332923,496.723833,1447.067558,497.255946,1446.703795,496.90486,1443.912778,485.225164,1359.941429,492.835795,NaN,NaN,NaN,NaN,0,0,0,0,1447.034759,496.9615463,1359.941429,492.835795,1443.912778,485.225164,,87.09332967,4.125751333,#VALUE!,#VALUE!,#VALUE!,#VALUE!,#VALUE!,#VALUE!,1.633333333
197,1451.644066,498.449896,1451.291608,498.703218,1451.049176,498.331954,1449.986749,481.451236,1363.007149,492.624345,NaN,NaN,NaN,NaN,0,0,0,0,1451.328283,498.4950227,1363.007149,492.624345,1449.986749,481.451236,,88.32113433,5.870677667,#VALUE!,#VALUE!,#VALUE!,#VALUE!,#VALUE!,#VALUE!,1.641666667
198,1456.439608,499.396447,1456.003048,499.450196,1455.394556,499.330919,1451.990307,479.553921,1367.211566,492.835795,NaN,NaN,NaN,NaN,0,0,0,0,1455.945737,499.3925207,1367.211566,492.835795,1451.990307,479.553921,,88.73417133,6.556725667,#VALUE!,#VALUE!,#VALUE!,#VALUE!,#VALUE!,#VALUE!,1.65
199,1461.332029,500.788434,1459.820939,501.177585,1459.905475,501.281279,1454.979279,478.766575,1372.379495,493.385567,NaN,NaN,1419.498856,501.361571,0,0,0,0,1460.352814,501.0824327,1372.379495,493.385567,1454.979279,478.766575,,87.97331933,7.696865667,35.480423,-22.594996,#VALUE!,#VALUE!,37.49033273,#VALUE!,1.658333333
200,1465.885372,502.904253,1465.182233,502.858287,1464.29224,502.851082,1458.279602,478.40869,1376.452523,493.554728,NaN,NaN,NaN,NaN,0,0,0,0,1465.119948,502.8712073,1376.452523,493.554728,1458.279602,478.40869,,88.66742533,9.316479333,#VALUE!,#VALUE!,#VALUE!,#VALUE!,#VALUE!,#VALUE!,1.666666667
201,1471.504391,504.630317,1469.446898,504.352244,1469.258389,503.897617,1460.894952,478.766575,1380.832124,493.935339,NaN,NaN,NaN,NaN,0,0,0,0,1470.069893,504.2933927,1380.832124,493.935339,1460.894952,478.766575,,89.23776867,10.35805367,#VALUE!,#VALUE!,#VALUE!,#VALUE!,#VALUE!,#VALUE!,1.675
202,1476.057733,506.077983,1474.648033,506.240936,1474.51423,506.085826,1465.44068,480.269691,1385.824869,495.034884,NaN,NaN,NaN,NaN,0,0,0,0,1475.073332,506.134915,1385.824869,495.034884,1465.44068,480.269691,,89.248463,11.100031,#VALUE!,#VALUE!,#VALUE!,#VALUE!,#VALUE!,#VALUE!,1.683333333
203,1480.901715,507.804046,1479.822794,507.707228,1479.85284,507.845907,1468.990084,482.059114,1392.131494,495.034884,NaN,NaN,NaN,NaN,0,0,0,0,1480.19245,507.785727,1392.131494,495.034884,1468.990084,482.059114,,88.06095567,12.750843,#VALUE!,#VALUE!,#VALUE!,#VALUE!,#VALUE!,#VALUE!,1.691666667
204,1486.230095,509.363071,1485.262311,509.284183,1485.108681,509.082721,1474.220784,483.275922,1396.905259,495.796107,NaN,NaN,NaN,NaN,0,0,0,0,1485.533696,509.243325,1396.905259,495.796107,1474.220784,483.275922,,88.62843667,13.447218,#VALUE!,#VALUE!,#VALUE!,#VALUE!,#VALUE!,#VALUE!,1.7
205,1491.316275,511.089134,1490.437073,511.027133,1490.778367,511.080652,1480.136457,484.063268,1402.861515,496.515039,NaN,NaN,NaN,NaN,0,0,0,0,1490.843905,511.0656397,1402.861515,496.515039,1480.136457,484.063268,,87.98239,14.55060067,#VALUE!,#VALUE!,#VALUE!,#VALUE!,#VALUE!,#VALUE!,1.708333333
206,1495.86381,513.197971,1495.371148,512.770083,1495.537594,512.602884,1486.363482,485.566384,1408.757141,496.637185,NaN,NaN,NaN,NaN,0,0,0,0,1495.590851,512.8569793,1408.757141,496.637185,1486.363482,485.566384,,86.83370967,16.21979433,#VALUE!,#VALUE!,#VALUE!,#VALUE!,#VALUE!,#VALUE!,1.716666667
207,1500.815436,514.682757,1500.159545,514.344497,1500.921625,514.801442,1491.967804,487.0695,1413.786293,497.082711,NaN,NaN,NaN,NaN,0,0,0,0,1500.632202,514.6095653,1413.786293,497.082711,1491.967804,487.0695,,86.845909,17.52685433,#VALUE!,#VALUE!,#VALUE!,#VALUE!,#VALUE!,#VALUE!,1.725
208,1506.283753,516.513993,1505.550924,516.24627,1505.667056,516.450527,1497.788178,491.012087,1419,497.884657,NaN,NaN,NaN,NaN,0,0,0,0,1505.833911,516.4035967,1419,497.884657,1497.788178,491.012087,,86.833911,18.51893967,#VALUE!,#VALUE!,#VALUE!,#VALUE!,#VALUE!,#VALUE!,1.733333333
209,1511.192321,518.097764,1510.485891,517.951308,1510.909102,518.036186,1502.32795,494.938215,1423.521622,498.642051,NaN,NaN,NaN,NaN,0,0,0,0,1510.862438,518.0284193,1423.521622,498.642051,1502.32795,494.938215,,87.340816,19.38636833,#VALUE!,#VALUE!,#VALUE!,#VALUE!,#VALUE!,#VALUE!,1.741666667
210,1516.230062,519.137114,1515.592012,519.000562,1515.544175,519.36814,1508.424215,497.572199,1429.565832,499.577656,NaN,NaN,NaN,NaN,0,0,0,0,1515.78875,519.1686053,1429.565832,499.577656,1508.424215,497.572199,,86.22291767,19.59094933,#VALUE!,#VALUE!,#VALUE!,#VALUE!,#VALUE!,#VALUE!,1.75
211,1521.440033,520.918857,1520.698134,520.7056,1521.006939,520.700094,1515.082547,499.907996,1435.840736,500.379603,NaN,NaN,NaN,NaN,0,0,0,0,1521.048369,520.7748503,1435.840736,500.379603,1515.082547,499.907996,,85.20763267,20.39524733,#VALUE!,#VALUE!,#VALUE!,#VALUE!,#VALUE!,#VALUE!,1.758333333
212,1526.17637,522.255164,1525.946884,521.951589,1525.642011,521.778342,1520.530273,501.746815,1440.823748,501.136997,NaN,NaN,NaN,NaN,0,0,0,0,1525.921755,521.9950317,1440.823748,501.136997,1520.530273,501.746815,,85.098007,20.85803467,#VALUE!,#VALUE!,#VALUE!,#VALUE!,#VALUE!,#VALUE!,1.766666667
213,1531.558572,523.492485,1530.618443,523.226162,1530.552981,523.110295,1525.977999,504.57959,1445.345371,502.56268,NaN,NaN,NaN,NaN,0,0,0,0,1530.909999,523.276314,1445.345371,502.56268,1525.977999,504.57959,,85.56462767,20.713634,#VALUE!,#VALUE!,#VALUE!,#VALUE!,#VALUE!,#VALUE!,1.775
214,1536.553255,524.630821,1534.624736,524.566875,1535.51913,524.442249,1531.16631,507.462064,1451.343441,503.498285,NaN,NaN,NaN,NaN,0,0,0,0,1535.565707,524.5466483,1451.343441,503.498285,1531.16631,507.462064,,84.222266,21.04836333,#VALUE!,#VALUE!,#VALUE!,#VALUE!,#VALUE!,#VALUE!,1.783333333
215,1541.332651,525.373214,1540.050981,525.17894,1540.31974,525.45707,1537.521991,510.891213,1457.38765,505.324941,NaN,NaN,NaN,NaN,0,0,0,0,1540.567791,525.336408,1457.38765,505.324941,1537.521991,510.891213,,83.18014067,20.011467,#VALUE!,#VALUE!,#VALUE!,#VALUE!,#VALUE!,#VALUE!,1.791666667
216,1546.44565,526.455212,1545.933638,525.965881,1545.717022,525.732927,1542.710301,512.431845,1461.900382,506.040617,NaN,NaN,NaN,NaN,0,0,0,0,1546.032103,526.05134,1461.900382,506.040617,1542.710301,512.431845,,84.13172133,20.010723,#VALUE!,#VALUE!,#VALUE!,#VALUE!,#VALUE!,#VALUE!,1.8
217,1551.038463,527.115117,1550.979538,527.015135,1550.62186,527.19878,1548.217043,515.799122,1465.919602,507.030675,NaN,NaN,NaN,NaN,0,0,0,0,1550.879954,527.1096773,1465.919602,507.030675,1548.217043,515.799122,,84.96035167,20.07900233,#VALUE!,#VALUE!,#VALUE!,#VALUE!,#VALUE!,#VALUE!,1.808333333
218,1556.320197,528.038984,1556.025439,527.947805,1555.968134,528.100844,1554.289289,518.36132,1470.718059,508.575165,NaN,NaN,NaN,NaN,0,0,0,0,1556.10459,528.029211,1470.718059,508.575165,1554.289289,518.36132,,85.386531,19.454046,#VALUE!,#VALUE!,#VALUE!,#VALUE!,#VALUE!,#VALUE!,1.816666667
219,1561.066103,529.226812,1560.969914,528.822183,1560.627731,528.664634,1559.938782,521.365277,1475.76259,509.802837,NaN,NaN,NaN,NaN,0,0,0,0,1560.887916,528.904543,1475.76259,509.802837,1559.938782,521.365277,,85.125326,19.101706,#VALUE!,#VALUE!,#VALUE!,#VALUE!,#VALUE!,#VALUE!,1.825
220,1566.309563,529.666749,1566.045734,529.87076,1566.072102,529.848593,1564.781206,523.485717,1480.766108,511.070111,NaN,NaN,NaN,NaN,0,0,0,0,1566.142466,529.7953673,1480.766108,511.070111,1564.781206,523.485717,,85.37635833,18.72525633,#VALUE!,#VALUE!,#VALUE!,#VALUE!,#VALUE!,#VALUE!,1.833333333
221,1570.978922,530.810584,1571.184608,530.686846,1571.222182,530.750657,1568.393807,526.224619,1485.236465,512.25818,NaN,NaN,NaN,NaN,0,0,0,0,1571.128571,530.7493623,1485.236465,512.25818,1568.393807,526.224619,,85.89210567,18.49118233,#VALUE!,#VALUE!,#VALUE!,#VALUE!,#VALUE!,#VALUE!,1.841666667
222,1575.954469,531.998412,1575.782547,531.930407,1576.077972,532.21651,1573.382948,528.913552,1490.609095,513.28784,NaN,NaN,NaN,NaN,0,0,0,0,1575.938329,532.048443,1490.609095,513.28784,1573.382948,528.913552,,85.32923433,18.760603,#VALUE!,#VALUE!,#VALUE!,#VALUE!,#VALUE!,#VALUE!,1.85
223,1581.006562,532.922279,1580.887612,532.940799,1581.031859,532.836679,1578.19975,530.523515,1494.792365,513.961079,1527.585888,504.531274,NaN,NaN,0,0,0,0,1580.975344,532.899919,1494.792365,513.961079,1578.19975,530.523515,,86.18297933,18.93884,#VALUE!,#VALUE!,50.613862,25.992241,#VALUE!,14.78847268,1.858333333
224,1585.829015,534.02212,1585.891252,533.990053,1586.181939,534.020638,1582.948229,532.015677,1498.846377,514.62612,NaN,NaN,NaN,NaN,0,0,0,0,1585.967402,534.010937,1498.846377,514.62612,1582.948229,532.015677,,87.121025,19.384817,#VALUE!,#VALUE!,#VALUE!,#VALUE!,#VALUE!,#VALUE!,1.866666667
225,1592.077927,536.061347,1589.969541,534.979942,1591.33202,535.768386,1588.14081,533.232967,1504.940098,515.219485,NaN,NaN,NaN,NaN,0,0,0,0,1591.126496,535.603225,1504.940098,515.219485,1588.14081,533.232967,,86.186398,20.38374,#VALUE!,#VALUE!,#VALUE!,#VALUE!,#VALUE!,#VALUE!,1.875
226,1597.078989,537.078089,1595.688738,536.320265,1596.4821,537.177861,1592.991773,534.253919,1510.31691,515.664508,NaN,NaN,NaN,NaN,0,0,0,0,1596.416609,536.8587383,1510.31691,515.664508,1592.991773,534.253919,,86.099699,21.19423033,#VALUE!,#VALUE!,#VALUE!,#VALUE!,#VALUE!,#VALUE!,1.883333333
227,1601.616153,538.647492,1600.352937,538.107363,1601.632181,538.756473,1597.29615,535.706813,1515.437684,515.713955,NaN,NaN,NaN,NaN,0,0,0,0,1601.200424,538.503776,1515.437684,515.713955,1597.29615,535.706813,,85.76273967,22.789821,#VALUE!,#VALUE!,#VALUE!,#VALUE!,#VALUE!,#VALUE!,1.891666667
228,1606.826797,540.209947,1606.016608,539.766812,1606.978455,540.222326,1601.395556,537.159707,1521.480197,516.060085,NaN,NaN,NaN,NaN,0,0,0,0,1606.607287,540.0663617,1521.480197,516.060085,1601.395556,537.159707,,85.12708967,24.00627667,#VALUE!,#VALUE!,#VALUE!,#VALUE!,#VALUE!,#VALUE!,1.9
229,1611.584341,541.642196,1610.34765,541.107135,1611.687099,541.913696,1606.336296,538.012227,1524.655076,516.356767,NaN,NaN,NaN,NaN,0,0,0,0,1611.206363,541.5543423,1524.655076,516.356767,1606.336296,538.012227,,86.55128733,25.19757533,#VALUE!,#VALUE!,#VALUE!,#VALUE!,#VALUE!,#VALUE!,1.908333333
230,1616.757227,542.944242,1615.567112,542.447459,1617.033373,543.154033,1610.800094,538.396175,1527.317879,516.356767,NaN,NaN,NaN,NaN,0,0,0,0,1616.452571,542.848578,1527.317879,516.356767,1610.800094,538.396175,,89.13469167,26.491811,#VALUE!,#VALUE!,#VALUE!,#VALUE!,#VALUE!,#VALUE!,1.916666667
231,1621.703563,544.289689,1620.842099,544.106907,1621.69297,544.676266,1615.749747,536.895287,1531.568121,516.604002,NaN,NaN,NaN,NaN,0,0,0,0,1621.412877,544.3576207,1531.568121,516.604002,1615.749747,536.895287,,89.84475633,27.75361867,#VALUE!,#VALUE!,#VALUE!,#VALUE!,#VALUE!,#VALUE!,1.925
232,1626.83869,546.112552,1625.506299,546.149305,1625.661388,546.350803,1623.007214,534.696312,1534.896624,516.604002,NaN,NaN,NaN,NaN,0,0,0,0,1626.002126,546.20422,1534.896624,516.604002,1623.007214,534.696312,,91.10550167,29.600218,#VALUE!,#VALUE!,#VALUE!,#VALUE!,#VALUE!,#VALUE!,1.933333333
233,1631.407443,547.5014,1630.226024,547.106679,1629.977646,547.453325,1628.017599,532.148294,1538.937733,517.519735,NaN,NaN,NaN,NaN,0,0,0,0,1630.537038,547.3538013,1538.937733,517.519735,1628.017599,532.148294,,91.59930467,29.83406633,#VALUE!,#VALUE!,#VALUE!,#VALUE!,#VALUE!,#VALUE!,1.941666667
234,1636.064223,549.302519,1635.220451,548.75743,1635.471065,549.257453,1632.481397,527.750344,1543.53505,518.091123,NaN,NaN,1585.866322,530.774802,0,0,0,0,1635.585246,549.1058007,1543.53505,518.091123,1632.481397,527.750344,,92.05019633,31.01467767,46.615075,-3.024458,#VALUE!,#VALUE!,22.33256471,#VALUE!,1.95
235,1640.997972,551.308633,1640.201215,550.529507,1640.354104,551.111695,1636.139031,524.751791,1549.042726,519.629476,NaN,NaN,NaN,NaN,0,0,0,0,1640.517764,550.9832783,1549.042726,519.629476,1636.139031,524.751791,,91.47503767,31.35380233,#VALUE!,#VALUE!,#VALUE!,#VALUE!,#VALUE!,#VALUE!,1.958333333
236,1646.435166,553.507643,1645.122684,552.36974,1645.585932,552.965937,1639.971891,525.403339,1554.049705,521.519452,NaN,NaN,NaN,NaN,0,0,0,0,1645.714594,552.9477733,1554.049705,521.519452,1639.971891,525.403339,,91.664889,31.42832133,#VALUE!,#VALUE!,#VALUE!,#VALUE!,#VALUE!,#VALUE!,1.966666667
237,1651.570293,555.552336,1651.11146,554.755228,1651.079351,555.321326,1643.23792,525.55847,1560.604296,523.673146,NaN,NaN,NaN,NaN,0,0,0,0,1651.253701,555.20963,1560.604296,523.673146,1643.23792,525.55847,,90.64940533,31.536484,#VALUE!,#VALUE!,#VALUE!,#VALUE!,#VALUE!,#VALUE!,1.975
238,1656.873235,558.368612,1656.388697,557.617814,1656.398376,557.676714,1647.3407,525.899757,1563.016749,525.123593,NaN,NaN,NaN,NaN,0,0,0,0,1656.553436,557.8877133,1563.016749,525.123593,1647.3407,525.899757,,93.536687,32.76412033,#VALUE!,#VALUE!,#VALUE!,#VALUE!,#VALUE!,#VALUE!,1.983333333
239,1661.269978,560.22041,1661.369461,560.207773,1661.630204,560.633479,1651.30852,527.202853,1568.569944,527.892628,NaN,NaN,NaN,NaN,0,0,0,0,1661.423214,560.3538873,1568.569944,527.892628,1651.30852,527.202853,,92.85327033,32.46125933,#VALUE!,#VALUE!,#VALUE!,#VALUE!,#VALUE!,#VALUE!,1.991666667
240,1666.874986,562.650894,1666.646699,562.38879,1666.873994,562.96004,1655.573252,530.119307,1572.985189,530.969333,NaN,NaN,NaN,NaN,0,0,0,0,1666.79856,562.6665747,1572.985189,530.969333,1655.573252,530.119307,,93.81337067,31.69724167,#VALUE!,#VALUE!,#VALUE!,#VALUE!,#VALUE!,#VALUE!,2
241,1672.577781,565.039809,1672.220411,564.842435,1672.764644,565.543729,1660.377823,533.377047,1577.764577,532.287921,NaN,NaN,NaN,NaN,0,0,0,0,1672.520945,565.141991,1577.764577,532.287921,1660.377823,533.377047,,94.75636833,32.85407,#VALUE!,#VALUE!,#VALUE!,#VALUE!,#VALUE!,#VALUE!,2.008333333
242,1677.291507,566.994484,1677.556943,567.09161,1677.647683,567.191944,1666.947816,536.317696,1581.532948,533.837468,NaN,NaN,NaN,NaN,0,0,0,0,1677.498711,567.0926793,1581.532948,533.837468,1666.947816,536.317696,,95.965763,33.25521133,#VALUE!,#VALUE!,#VALUE!,#VALUE!,#VALUE!,#VALUE!,2.016666667
243,1683.407418,568.949159,1682.893476,569.136314,1682.763248,569.285623,1671.842361,539.792619,1586.469121,536.298833,NaN,NaN,NaN,NaN,0,0,0,0,1683.021381,569.1236987,1586.469121,536.298833,1671.842361,539.792619,,96.55225967,32.82486567,#VALUE!,#VALUE!,#VALUE!,#VALUE!,#VALUE!,#VALUE!,2.025
244,1688.389647,570.595202,1688.170714,570.976547,1688.072584,571.15657,1676.880863,542.688388,1591.081611,539.111821,NaN,NaN,NaN,NaN,0,0,0,0,1688.210982,570.9094397,1591.081611,539.111821,1676.880863,542.688388,,97.12937067,31.79761867,#VALUE!,#VALUE!,#VALUE!,#VALUE!,#VALUE!,#VALUE!,2.033333333
245,1694.207221,572.549877,1693.151477,572.40784,1693.885726,572.804785,1683.605584,545.430128,1594.965812,541.729462,NaN,NaN,NaN,NaN,0,0,0,0,1693.748141,572.5875007,1594.965812,541.729462,1683.605584,545.430128,,98.78232933,30.85803867,#VALUE!,#VALUE!,#VALUE!,#VALUE!,#VALUE!,#VALUE!,2.041666667
246,1698.891113,574.19592,1698.428715,573.839133,1698.613748,574.453,1689.406526,549.303411,1598.688172,543.604787,NaN,NaN,NaN,NaN,0,0,0,0,1698.644525,574.1626843,1598.688172,543.604787,1689.406526,549.303411,,99.95635333,30.55789733,#VALUE!,#VALUE!,#VALUE!,#VALUE!,#VALUE!,#VALUE!,2.05
247,1704.082178,575.430452,1703.409479,575.270426,1703.923085,575.611206,1694.26908,551.362624,1602.20823,545.948944,NaN,NaN,NaN,NaN,0,0,0,0,1703.804914,575.4373613,1602.20823,545.948944,1694.26908,551.362624,,101.596684,29.48841733,#VALUE!,#VALUE!,#VALUE!,#VALUE!,#VALUE!,#VALUE!,2.058333333
248,1709.24341,577.453712,1708.034474,576.701719,1708.573598,577.170328,1698.790402,552.637376,1606.456576,549.38704,NaN,NaN,NaN,NaN,0,0,0,0,1708.617161,577.1085863,1606.456576,549.38704,1698.790402,552.637376,,102.1605847,27.72154633,#VALUE!,#VALUE!,#VALUE!,#VALUE!,#VALUE!,#VALUE!,2.066666667
249,1713.790333,578.944042,1713.375423,578.817047,1713.553186,578.786245,1704.420728,553.666983,1611.797353,551.926543,NaN,NaN,NaN,NaN,0,0,0,0,1713.572981,578.8491113,1611.797353,551.926543,1704.420728,553.666983,,101.7756277,26.92256833,#VALUE!,#VALUE!,#VALUE!,#VALUE!,#VALUE!,#VALUE!,2.075
250,1717.967052,579.815744,1717.765555,580.337396,1717.789694,580.537681,1709.15532,555.971341,1617.09767,554.661393,NaN,NaN,NaN,NaN,0,0,0,0,1717.840767,580.2302737,1617.09767,554.661393,1709.15532,555.971341,,100.743097,25.56888067,#VALUE!,#VALUE!,#VALUE!,#VALUE!,#VALUE!,#VALUE!,2.083333333
